"itemID","item","type","category","choices","definition","uni_lemma","gloss","complexity_category"
"item_1","i_01_1","word","sounds","produces","av",,"av",
"item_2","i_01_2","word","sounds","produces","mjav",,"meow",
"item_3","i_01_3","word","sounds","produces","rap",,"rap",
"item_4","i_01_4","word","sounds","produces","fut",,"fut",
"item_5","i_01_5","word","sounds","produces","muh",,"muh",
"item_6","i_01_6","word","sounds","produces","vov",,"wow",
"item_7","i_01_7","word","sounds","produces","grrrr",,"grrr",
"item_8","i_01_8","word","sounds","produces","mæh",,"mæh",
"item_9","i_01_9","word","sounds","produces","åh åhh (ups)",,"oh oh (ups)",
"item_10","i_01_10","word","sounds","produces","kykliky",,"kykliky",
"item_11","i_01_11","word","sounds","produces","mm mm (lækkert)",,"mm mm (delicious)",
"item_12","i_01_12","word","sounds","produces","årnnn (bil-lyd)",,"årnnn (car audio)",
"item_13","i_02_1","word","animals","produces","abe",,"monkey",
"item_14","i_02_2","word","animals","produces","gås",,"goose",
"item_15","i_02_3","word","animals","produces","løve",,"lion",
"item_16","i_02_4","word","animals","produces","and",,"duck",
"item_17","i_02_5","word","animals","produces","hane",,"rooster",
"item_18","i_02_6","word","animals","produces","mus",,"mouse",
"item_19","i_02_7","word","animals","produces","bamse",,"teddy bear",
"item_20","i_02_8","word","animals","produces","hest",,"horse",
"item_21","i_02_9","word","animals","produces","myg",,"mosquitoes",
"item_22","i_02_10","word","animals","produces","bi",,"bi",
"item_23","i_02_11","word","animals","produces","hjort",,"deer",
"item_24","i_02_12","word","animals","produces","myre",,"ant",
"item_25","i_02_13","word","animals","produces","bjørn",,"Bear",
"item_26","i_02_14","word","animals","produces","hvalp",,"Puppy",
"item_27","i_02_15","word","animals","produces","pingvin",,"Penguin",
"item_28","i_02_16","word","animals","produces","dyr",,"expensive",
"item_29","i_02_17","word","animals","produces","hund",,"dog",
"item_30","i_02_18","word","animals","produces","pony",,"pony",
"item_31","i_02_19","word","animals","produces","egern",,"Squirrel",
"item_32","i_02_20","word","animals","produces","høne",,"hen",
"item_33","i_02_21","word","animals","produces","skildpadde",,"turtle",
"item_34","i_02_22","word","animals","produces","elefant",,"elephant",
"item_35","i_02_23","word","animals","produces","kalkun",,"turkey",
"item_36","i_02_24","word","animals","produces","sommerfugl",,"butterfly",
"item_37","i_02_25","word","animals","produces","fisk (animal)",,"fish",
"item_38","i_02_26","word","animals","produces","kanin",,"rabbit",
"item_39","i_02_27","word","animals","produces","tiger",,"tiger",
"item_40","i_02_28","word","animals","produces","flue",,"fly",
"item_41","i_02_29","word","animals","produces","kat",,"cat",
"item_42","i_02_30","word","animals","produces","ugle",,"owl",
"item_43","i_02_31","word","animals","produces","frø",,"seed",
"item_44","i_02_32","word","animals","produces","killing",,"kitten",
"item_45","i_02_33","word","animals","produces","ulv",,"wolf",
"item_46","i_02_34","word","animals","produces","fugl",,"bird",
"item_47","i_02_35","word","animals","produces","ko",,"cow",
"item_48","i_02_36","word","animals","produces","zebra",,"zebra",
"item_49","i_02_37","word","animals","produces","får",,"sheep",
"item_50","i_02_38","word","animals","produces","krokodille",,"crocodile",
"item_51","i_02_39","word","animals","produces","æsel",,"donkey",
"item_52","i_02_40","word","animals","produces","giraf",,"Giraffe",
"item_53","i_02_41","word","animals","produces","kylling (animal)",,"chicken",
"item_54","i_02_42","word","animals","produces","gris",,"pig",
"item_55","i_02_43","word","animals","produces","lam",,"lamb",
"item_56","i_03_1","word","vehicles","produces","barnevogn",,"pram",
"item_57","i_03_2","word","vehicles","produces","flyvemaskine",,"airplane",
"item_58","i_03_3","word","vehicles","produces","motorcykel",,"motorcycle",
"item_59","i_03_4","word","vehicles","produces","bil",,"car",
"item_60","i_03_5","word","vehicles","produces","helikopter","helicopter","helicopter",
"item_61","i_03_6","word","vehicles","produces","skib",,"ship",
"item_62","i_03_7","word","vehicles","produces","brandbil",,"fire truck",
"item_63","i_03_8","word","vehicles","produces","klapvogn",,"stroller",
"item_64","i_03_9","word","vehicles","produces","tog",,"train",
"item_65","i_03_10","word","vehicles","produces","bus",,"bus",
"item_66","i_03_11","word","vehicles","produces","kælk",,"toboggan",
"item_67","i_03_12","word","vehicles","produces","traktor","tractor","tractor",
"item_68","i_03_13","word","vehicles","produces","cykel",,"bicycle",
"item_69","i_03_14","word","vehicles","produces","lastbil",,"truck",
"item_70","i_04_1","word","toys","produces","ballon",,"balloon",
"item_71","i_04_2","word","toys","produces","farveblyant","pen/pencil","crayon",
"item_72","i_04_3","word","toys","produces","legetøj",,"toy",
"item_73","i_04_4","word","toys","produces","blyant",,"pencil",
"item_74","i_04_5","word","toys","produces","gave",,"gift",
"item_75","i_04_6","word","toys","produces","lego",,"lego",
"item_76","i_04_7","word","toys","produces","bog",,"book",
"item_77","i_04_8","word","toys","produces","historie",,"history",
"item_78","i_04_9","word","toys","produces","puslespil",,"puzzles",
"item_79","i_04_10","word","toys","produces","bold",,"ball",
"item_80","i_04_11","word","toys","produces","klods",,"block",
"item_81","i_04_12","word","toys","produces","spil",,"game",
"item_82","i_04_13","word","toys","produces","dukke",,"doll",
"item_83","i_04_14","word","toys","produces","kridt",,"chalk",
"item_84","i_04_15","word","toys","produces","sæbebobler",,"bubble blower",
"item_85","i_04_16","word","toys","produces","duplo",,"duplicate",
"item_86","i_04_17","word","toys","produces","kuglepen","pen/pencil","pen",
"item_87","i_04_18","word","toys","produces","modellérvoks",,"modellérvoks",
"item_88","i_05_1","word","food_drink","produces","agurk",,"cucumber",
"item_89","i_05_2","word","food_drink","produces","kiks",,"biscuits",
"item_90","i_05_3","word","food_drink","produces","sandwich",,"sandwich",
"item_91","i_05_4","word","food_drink","produces","appelsin",,"orange",
"item_92","i_05_5","word","food_drink","produces","kinderæg",,"Kinder",
"item_93","i_05_6","word","food_drink","produces","slik",,"candy",
"item_94","i_05_7","word","food_drink","produces","banan",,"banana",
"item_95","i_05_8","word","food_drink","produces","kylling (food)",,"chicken",
"item_96","i_05_9","word","food_drink","produces","slikkepind",,"lollipop",
"item_97","i_05_10","word","food_drink","produces","boller",,"buns",
"item_98","i_05_11","word","food_drink","produces","kød",,"meat",
"item_99","i_05_12","word","food_drink","produces","smør",,"butter",
"item_100","i_05_13","word","food_drink","produces","burger",,"burger",
"item_101","i_05_14","word","food_drink","produces","leverpostej",,"pâté",
"item_102","i_05_15","word","food_drink","produces","småkager",,"cookies",
"item_103","i_05_16","word","food_drink","produces","brød",,"bread",
"item_104","i_05_17","word","food_drink","produces","mad",,"food",
"item_105","i_05_18","word","food_drink","produces","sodavand",,"soda",
"item_106","i_05_19","word","food_drink","produces","bønner",,"beans",
"item_107","i_05_20","word","food_drink","produces","melon",,"melon",
"item_108","i_05_21","word","food_drink","produces","sovs",,"sauce",
"item_109","i_05_22","word","food_drink","produces","chips",,"potato chips",
"item_110","i_05_23","word","food_drink","produces","mælk",,"milk",
"item_111","i_05_24","word","food_drink","produces","spaghetti",,"spaghetti",
"item_112","i_05_25","word","food_drink","produces","chokolade",,"chocolate",
"item_113","i_05_26","word","food_drink","produces","mælkesnitte",,"milk chop",
"item_114","i_05_27","word","food_drink","produces","spegepølse",,"sausage",
"item_115","i_05_28","word","food_drink","produces","cola",,"cola",
"item_116","i_05_29","word","food_drink","produces","nødder",,"nuts",
"item_117","i_05_30","word","food_drink","produces","syltetøj",,"jam",
"item_118","i_05_31","word","food_drink","produces","cornflakes",,"cornflakes",
"item_119","i_05_32","word","food_drink","produces","ost",,"cheese",
"item_120","i_05_33","word","food_drink","produces","suppe",,"soup",
"item_121","i_05_34","word","food_drink","produces","dessert",,"dessert",
"item_122","i_05_35","word","food_drink","produces","ostehaps",,"cheese haps",
"item_123","i_05_36","word","food_drink","produces","te",,"tea",
"item_124","i_05_37","word","food_drink","produces","fisk (food)",,"fish",
"item_125","i_05_38","word","food_drink","produces","pandekager",,"pancakes",
"item_126","i_05_39","word","food_drink","produces","tun",,"tuna",
"item_127","i_05_40","word","food_drink","produces","frikadeller",,"Meatballs",
"item_128","i_05_41","word","food_drink","produces","pasta",,"pasta",
"item_129","i_05_42","word","food_drink","produces","tyggegummi",,"gum",
"item_130","i_05_43","word","food_drink","produces","gulerødder",,"carrots",
"item_131","i_05_44","word","food_drink","produces","peanutbutter",,"peanutbutter",
"item_132","i_05_45","word","food_drink","produces","vand (beverage)",,"water",
"item_133","i_05_46","word","food_drink","produces","grød",,"porridge",
"item_134","i_05_47","word","food_drink","produces","pizza",,"pizza",
"item_135","i_05_48","word","food_drink","produces","vindruer",,"grapes",
"item_136","i_05_49","word","food_drink","produces","havregryn",,"oatmeal",
"item_137","i_05_50","word","food_drink","produces","pomfritter",,"French fries",
"item_138","i_05_51","word","food_drink","produces","vingummi",,"gummi",
"item_139","i_05_52","word","food_drink","produces","is",,"ice",
"item_140","i_05_53","word","food_drink","produces","popcorn",,"popcorn",
"item_141","i_05_54","word","food_drink","produces","vitaminer",,"vitamins",
"item_142","i_05_55","word","food_drink","produces","jordbær",,"strawberries",
"item_143","i_05_56","word","food_drink","produces","pølser",,"sausages",
"item_144","i_05_57","word","food_drink","produces","yoghurt",,"yogurt",
"item_145","i_05_58","word","food_drink","produces","juice",,"juice",
"item_146","i_05_59","word","food_drink","produces","rosiner",,"raisins",
"item_147","i_05_60","word","food_drink","produces","æble",,"apple",
"item_148","i_05_61","word","food_drink","produces","kaffe",,"coffee",
"item_149","i_05_62","word","food_drink","produces","rugbrød",,"rye bread",
"item_150","i_05_63","word","food_drink","produces","æg",,"eggs",
"item_151","i_05_64","word","food_drink","produces","kage(r)",,"cake (s)",
"item_152","i_05_65","word","food_drink","produces","saft(evand)",,"juice (evand)",
"item_153","i_05_66","word","food_drink","produces","ærter",,"peas",
"item_154","i_05_67","word","food_drink","produces","kartofler",,"potatoes",
"item_155","i_05_68","word","food_drink","produces","salt",,"salt",
"item_156","i_06_1","word","clothing","produces","ble",,"diaper",
"item_157","i_06_2","word","clothing","produces","hue",,"hat",
"item_158","i_06_3","word","clothing","produces","strømpebukser","tights","tights",
"item_159","i_06_4","word","clothing","produces","bluse",,"blouse",
"item_160","i_06_5","word","clothing","produces","jakke",,"jacket",
"item_161","i_06_6","word","clothing","produces","strømper",,"stockings",
"item_162","i_06_7","word","clothing","produces","bukser",,"pants",
"item_163","i_06_8","word","clothing","produces","kjole",,"dress",
"item_164","i_06_9","word","clothing","produces","støvler",,"boots",
"item_165","i_06_10","word","clothing","produces","bælte",,"belt",
"item_166","i_06_11","word","clothing","produces","knap",,"button",
"item_167","i_06_12","word","clothing","produces","sut",,"pacifier",
"item_168","i_06_13","word","clothing","produces","flyverdragt",,"snowsuit",
"item_169","i_06_14","word","clothing","produces","kondisko",,"sneakers",
"item_170","i_06_15","word","clothing","produces","sweater",,"sweater",
"item_171","i_06_16","word","clothing","produces","frakke",,"coat",
"item_172","i_06_17","word","clothing","produces","lynlås",,"zipper",
"item_173","i_06_18","word","clothing","produces","t-shirt",,"T-shirt",
"item_174","i_06_19","word","clothing","produces","hagesmæk",,"Bib",
"item_175","i_06_20","word","clothing","produces","nattøj",,"sleepwear",
"item_176","i_06_21","word","clothing","produces","trusser","underpants","briefs",
"item_177","i_06_22","word","clothing","produces","halskæde",,"necklace",
"item_178","i_06_23","word","clothing","produces","shorts",,"shorts",
"item_179","i_06_24","word","clothing","produces","trøje",,"Hoodie",
"item_180","i_06_25","word","clothing","produces","halstørklæde",,"scarf",
"item_181","i_06_26","word","clothing","produces","sko",,"shoes",
"item_182","i_06_27","word","clothing","produces","underbukser",,"underpants",
"item_183","i_06_28","word","clothing","produces","hjemmesko/sutsko",,"slippers / slippers",
"item_184","i_06_29","word","clothing","produces","sokker",,"socks",
"item_185","i_06_30","word","clothing","produces","vanter",,"mittens",
"item_186","i_07_1","word","body_parts","produces","ankel",,"ankle",
"item_187","i_07_2","word","body_parts","produces","hår",,"hair",
"item_188","i_07_3","word","body_parts","produces","sår",,"wound",
"item_189","i_07_4","word","body_parts","produces","ansigt",,"face",
"item_190","i_07_5","word","body_parts","produces","kind",,"cheek",
"item_191","i_07_6","word","body_parts","produces","tænder",,"teeth",
"item_192","i_07_7","word","body_parts","produces","arm",,"arm",
"item_193","i_07_8","word","body_parts","produces","knæ",,"knee",
"item_194","i_07_9","word","body_parts","produces","tissekone",,"vagina",
"item_195","i_07_10","word","body_parts","produces","ben",,"legs",
"item_196","i_07_11","word","body_parts","produces","læber",,"lips",
"item_197","i_07_12","word","body_parts","produces","tissemand",,"willy",
"item_198","i_07_13","word","body_parts","produces","bryster",,"breasts",
"item_199","i_07_14","word","body_parts","produces","mave",,"stomach",
"item_200","i_07_15","word","body_parts","produces","tunge",,"tongue",
"item_201","i_07_16","word","body_parts","produces","finger",,"finger",
"item_202","i_07_17","word","body_parts","produces","mund",,"mouth",
"item_203","i_07_18","word","body_parts","produces","tå",,"toe",
"item_204","i_07_19","word","body_parts","produces","fødder",,"feet",
"item_205","i_07_20","word","body_parts","produces","navle",,"navel",
"item_206","i_07_21","word","body_parts","produces","øje",,"eye",
"item_207","i_07_22","word","body_parts","produces","hage",,"chin",
"item_208","i_07_23","word","body_parts","produces","numse",,"bum",
"item_209","i_07_24","word","body_parts","produces","øre",,"ear",
"item_210","i_07_25","word","body_parts","produces","hoved",,"main",
"item_211","i_07_26","word","body_parts","produces","næse",,"nose",
"item_212","i_07_27","word","body_parts","produces","hånd",,"hand",
"item_213","i_07_28","word","body_parts","produces","skulder",,"shoulder",
"item_214","i_08_1","word","household","produces","affald",,"waste",
"item_215","i_08_2","word","household","produces","klokke",,"bell",
"item_216","i_08_3","word","household","produces","saks",,"scissors",
"item_217","i_08_4","word","household","produces","bakke",,"tray",
"item_218","i_08_5","word","household","produces","kop",,"cup",
"item_219","i_08_6","word","household","produces","serviet",,"napkin",
"item_220","i_08_7","word","household","produces","billede",,"picture",
"item_221","i_08_8","word","household","produces","kost",,"diet",
"item_222","i_08_9","word","household","produces","ske",,"spoon",
"item_223","i_08_10","word","household","produces","briller",,"glasses",
"item_224","i_08_11","word","household","produces","kniv",,"knife",
"item_225","i_08_12","word","household","produces","skrald",,"garbage",
"item_226","i_08_13","word","household","produces","børste",,"brush",
"item_227","i_08_14","word","household","produces","krukke",,"jar",
"item_228","i_08_15","word","household","produces","skål",,"bowl",
"item_229","i_08_16","word","household","produces","bånd",,"tape",
"item_230","i_08_17","word","household","produces","krus",,"Mug",
"item_231","i_08_18","word","household","produces","småpenge",,"petty cash",
"item_232","i_08_19","word","household","produces","dyne",,"quilt",
"item_233","i_08_20","word","household","produces","køkkenrulle",,"paper towels",
"item_234","i_08_21","word","household","produces","spand",,"bucket",
"item_235","i_08_22","word","household","produces","dåse",,"can",
"item_236","i_08_23","word","household","produces","lampe",,"lamp",
"item_237","i_08_24","word","household","produces","støvsuger",,"vacuum cleaner",
"item_238","i_08_25","word","household","produces","flaske",,"bottle",
"item_239","i_08_26","word","household","produces","lys",,"light",
"item_240","i_08_27","word","household","produces","sæbe",,"soap",
"item_241","i_08_28","word","household","produces","gaffel",,"fork",
"item_242","i_08_29","word","household","produces","medicin",,"medicine",
"item_243","i_08_30","word","household","produces","tallerken",,"plate",
"item_244","i_08_31","word","household","produces","glas",,"glass",
"item_245","i_08_32","word","household","produces","nøgler",,"Keys",
"item_246","i_08_33","word","household","produces","tandbørste",,"toothbrush",
"item_247","i_08_34","word","household","produces","gåvogn",,"buggy",
"item_248","i_08_35","word","household","produces","papir",,"paper",
"item_249","i_08_36","word","household","produces","telefon",,"phone",
"item_250","i_08_37","word","household","produces","hammer",,"hammer",
"item_251","i_08_38","word","household","produces","penge",,"money",
"item_252","i_08_39","word","household","produces","toilet-/wc-papir",,"commode / toilet paper",
"item_253","i_08_40","word","household","produces","håndklæde",,"towel",
"item_254","i_08_41","word","household","produces","plante",,"plant",
"item_255","i_08_42","word","household","produces","tæppe",,"carpet",
"item_256","i_08_43","word","household","produces","kam",,"comb",
"item_257","i_08_44","word","household","produces","pude",,"pillow",
"item_258","i_08_45","word","household","produces","ur",,"watch",
"item_259","i_08_46","word","household","produces","kamera",,"camera",
"item_260","i_08_47","word","household","produces","pung",,"purse",
"item_261","i_08_48","word","household","produces","æske",,"box",
"item_262","i_08_49","word","household","produces","kasse",,"box",
"item_263","i_08_50","word","household","produces","radio",,"radio",
"item_264","i_09_1","word","furniture_rooms","produces","altan",,"balcony",
"item_265","i_09_2","word","furniture_rooms","produces","kælder",,"basement",
"item_266","i_09_3","word","furniture_rooms","produces","stue",,"living room",
"item_267","i_09_4","word","furniture_rooms","produces","badekar",,"bathtub",
"item_268","i_09_5","word","furniture_rooms","produces","køkken",,"kitchen",
"item_269","i_09_6","word","furniture_rooms","produces","terrasse",,"terrace",
"item_270","i_09_7","word","furniture_rooms","produces","badeværelse",,"Bathroom",
"item_271","i_09_8","word","furniture_rooms","produces","køleskab",,"refrigerator",
"item_272","i_09_9","word","furniture_rooms","produces","toilet/wc",,"toilet / wc",
"item_273","i_09_10","word","furniture_rooms","produces","bord",,"table",
"item_274","i_09_11","word","furniture_rooms","produces","ovn",,"oven",
"item_275","i_09_12","word","furniture_rooms","produces","trapper",,"stairs",
"item_276","i_09_13","word","furniture_rooms","produces","bruser",,"shower",
"item_277","i_09_14","word","furniture_rooms","produces","potte",,"potty",
"item_278","i_09_15","word","furniture_rooms","produces","tv/fjernsyn",,"TV / Television",
"item_279","i_09_16","word","furniture_rooms","produces","dør",,"dies",
"item_280","i_09_17","word","furniture_rooms","produces","seng",,"bed",
"item_281","i_09_18","word","furniture_rooms","produces","tørretumbler",,"dryer",
"item_282","i_09_19","word","furniture_rooms","produces","garage",,"garage",
"item_283","i_09_20","word","furniture_rooms","produces","skab",,"cupboard",
"item_284","i_09_21","word","furniture_rooms","produces","vask",,"sink",
"item_285","i_09_22","word","furniture_rooms","produces","gyngestol",,"rocking chair",
"item_286","i_09_23","word","furniture_rooms","produces","skuffe",,"drawer",
"item_287","i_09_24","word","furniture_rooms","produces","vaskemaskine",,"washing machine",
"item_288","i_09_25","word","furniture_rooms","produces","høj stol",,"high chair",
"item_289","i_09_26","word","furniture_rooms","produces","sofa",,"bed",
"item_290","i_09_27","word","furniture_rooms","produces","vindue",,"window",
"item_291","i_09_28","word","furniture_rooms","produces","komfur",,"stove",
"item_292","i_09_29","word","furniture_rooms","produces","soveværelse",,"bedroom",
"item_293","i_09_30","word","furniture_rooms","produces","vugge",,"Crib",
"item_294","i_09_31","word","furniture_rooms","produces","kravlegård",,"Playpen",
"item_295","i_09_32","word","furniture_rooms","produces","stol",,"chair",
"item_296","i_09_33","word","furniture_rooms","produces","værelse",,"room",
"item_297","i_10_1","word","outside","produces","baggård",,"backyard",
"item_298","i_10_2","word","outside","produces","måne",,"moon",
"item_299","i_10_3","word","outside","produces","sol",,"sun",
"item_300","i_10_4","word","outside","produces","blomst",,"flower",
"item_301","i_10_5","word","outside","produces","pind",,"stick",
"item_302","i_10_6","word","outside","produces","sten",,"stone",
"item_303","i_10_7","word","outside","produces","flag",,"flag",
"item_304","i_10_8","word","outside","produces","græsslåmaskine","lawn mower","lawnmower",
"item_305","i_10_9","word","outside","produces","stige",,"increase",
"item_306","i_10_10","word","outside","produces","fortov",,"pavement",
"item_307","i_10_11","word","outside","produces","regn",,"rain",
"item_308","i_10_12","word","outside","produces","stjerne",,"star",
"item_309","i_10_13","word","outside","produces","gade",,"street",
"item_310","i_10_14","word","outside","produces","rutschebane",,"slide",
"item_311","i_10_15","word","outside","produces","badebassin",,"Recreational Pond",
"item_312","i_10_16","word","outside","produces","græs",,"grass",
"item_313","i_10_17","word","outside","produces","sandkasse",,"sandpit",
"item_314","i_10_18","word","outside","produces","tag",,"tag",
"item_315","i_10_19","word","outside","produces","gynge (object)",,"swing",
"item_316","i_10_20","word","outside","produces","skovl",,"shovel",
"item_317","i_10_21","word","outside","produces","træ",,"wood",
"item_318","i_10_22","word","outside","produces","haveslange",,"garden hose",
"item_319","i_10_23","word","outside","produces","sky",,"cloud",
"item_320","i_10_24","word","outside","produces","vand (not beverage)",,"water",
"item_321","i_10_25","word","outside","produces","himmel",,"sky",
"item_322","i_10_26","word","outside","produces","slæde",,"sledge",
"item_323","i_10_27","word","outside","produces","vind",,"wind",
"item_324","i_10_28","word","outside","produces","kælk",,"toboggan",
"item_325","i_10_29","word","outside","produces","sne",,"snow",
"item_326","i_10_30","word","outside","produces","køkkenhave",,"vegetable garden",
"item_327","i_10_31","word","outside","produces","snemand",,"snowman",
"item_328","i_11_1","word","outside","produces","arbejde",,"job",
"item_329","i_11_2","word","places","produces","fest",,"celebration",
"item_330","i_11_3","word","places","produces","skole",,"school",
"item_331","i_11_4","word","places","produces","(benzin)tanken","gas station","(Petrol) tank",
"item_332","i_11_5","word","places","produces","forretning",,"business",
"item_333","i_11_6","word","places","produces","skoven",,"woods",
"item_334","i_11_7","word","places","produces","biografen",,"theater",
"item_335","i_11_8","word","places","produces","have",,"have",
"item_336","i_11_9","word","places","produces","stranden",,"beach",
"item_337","i_11_10","word","places","produces","bondegård",,"Farmhouse",
"item_338","i_11_11","word","places","produces","hjem",,"home",
"item_339","i_11_12","word","places","produces","svømmehal",,"swimming pool",
"item_340","i_11_13","word","places","produces","butik",,"shop",
"item_341","i_11_14","word","places","produces","hus",,"house",
"item_342","i_11_15","word","places","produces","udenfor",,"outside",
"item_343","i_11_16","word","places","produces","byen",,"town",
"item_344","i_11_17","word","places","produces","kirke",,"church",
"item_345","i_11_18","word","places","produces","zoologisk have",,"zoo",
"item_346","i_11_19","word","places","produces","camping",,"camping",
"item_347","i_11_20","word","places","produces","legeplads",,"playground",
"item_348","i_11_21","word","places","produces","cirkus",,"circus",
"item_349","i_11_22","word","places","produces","park",,"park",
"item_350","i_12_1","word","people","produces","baby",,"baby",
"item_351","i_12_2","word","people","produces","farfar",,"grandfather",
"item_352","i_12_3","word","people","produces","moster",,"aunt",
"item_353","i_12_4","word","people","produces","babysitters navn",,"babysitters name",
"item_354","i_12_5","word","people","produces","farmor",,"grandmother",
"item_355","i_12_6","word","people","produces","oldefar",,"great-grandfather",
"item_356","i_12_7","word","people","produces","barn",,"child",
"item_357","i_12_8","word","people","produces","faster",,"fasts",
"item_358","i_12_9","word","people","produces","olde(mor)",,"olde (mother)",
"item_359","i_12_10","word","people","produces","barnets eget navn",,"the child's own name",
"item_360","i_12_11","word","people","produces","folk",,"people",
"item_361","i_12_12","word","people","produces","onkel",,"uncle",
"item_362","i_12_13","word","people","produces","bedstefar",,"grandfather",
"item_363","i_12_14","word","people","produces","klovn",,"clown",
"item_364","i_12_15","word","people","produces","person",,"person",
"item_365","i_12_16","word","people","produces","bedste(mor)",,"best (mother)",
"item_366","i_12_17","word","people","produces","kæledyrets navn",,"pet's name",
"item_367","i_12_18","word","people","produces","pige",,"girl",
"item_368","i_12_19","word","people","produces","brandmand","firefighter","firefighter",
"item_369","i_12_20","word","people","produces","læge/doktor",,"physician / doctor",
"item_370","i_12_21","word","people","produces","politi","police","police",
"item_371","i_12_22","word","people","produces","bror",,"brother",
"item_372","i_12_23","word","people","produces","lærer",,"teacher",
"item_373","i_12_24","word","people","produces","postbud",,"postman",
"item_374","i_12_25","word","people","produces","cowboy",,"cowboy",
"item_375","i_12_26","word","people","produces","mand",,"man",
"item_376","i_12_27","word","people","produces","søster",,"sister",
"item_377","i_12_28","word","people","produces","dagplejemors navn",,"day care mother's name",
"item_378","i_12_29","word","people","produces","menneske",,"human",
"item_379","i_12_30","word","people","produces","tante",,"aunt",
"item_380","i_12_31","word","people","produces","dame",,"lady",
"item_381","i_12_32","word","people","produces","mor",,"mother",
"item_382","i_12_33","word","people","produces","ven",,"friend",
"item_383","i_12_34","word","people","produces","dreng",,"boy",
"item_384","i_12_35","word","people","produces","morbror",,"uncle",
"item_385","i_12_36","word","people","produces","veninde",,"girlfriend",
"item_386","i_12_37","word","people","produces","far",,"father",
"item_387","i_12_38","word","people","produces","morfar",,"grandfather",
"item_388","i_12_39","word","people","produces","farbror",,"uncle",
"item_389","i_12_40","word","people","produces","mormor",,"grandmother",
"item_390","i_13_1","word","games_routines","produces","aftensmad",,"dinner",
"item_391","i_13_2","word","games_routines","produces","godnat",,"goodnight",
"item_392","i_13_3","word","games_routines","produces","shh",,"shh",
"item_393","i_13_4","word","games_routines","produces","bade",,"baths",
"item_394","i_13_5","word","games_routines","produces","hej",,"Hello",
"item_395","i_13_6","word","games_routines","produces","sidde på potte","go potty","sitting on the potty",
"item_396","i_13_7","word","games_routines","produces","be om",,"be on",
"item_397","i_13_8","word","games_routines","produces","hej hej (farvel)",,"Hello Hello (goodbye)",
"item_398","i_13_9","word","games_routines","produces","""skal jeg komme efter dig""",,"I will come after you",
"item_399","i_13_10","word","games_routines","produces","borte tit/titte bøh",,"away tit / piping boo",
"item_400","i_13_11","word","games_routines","produces","købe ind",,"shopping",
"item_401","i_13_12","word","games_routines","produces","snurre rundt",,"twirl",
"item_402","i_13_13","word","games_routines","produces","dav",,"dav",
"item_403","i_13_14","word","games_routines","produces","ja",,"yes",
"item_404","i_13_15","word","games_routines","produces","sove til middag",,"nap",
"item_405","i_13_16","word","games_routines","produces","farvel",,"goodbye",
"item_406","i_13_17","word","games_routines","produces","klappe kage",,"pat cake",
"item_407","i_13_18","word","games_routines","produces","så stor!",,"so great!",
"item_408","i_13_19","word","games_routines","produces","frokost",,"lunch",
"item_409","i_13_20","word","games_routines","produces","morgenmad",,"breakfast",
"item_410","i_13_21","word","games_routines","produces","tak",,"thank you",
"item_411","i_13_22","word","games_routines","produces","gider ikke",,"do not bother",
"item_412","i_13_23","word","games_routines","produces","nej",,"no",
"item_413","i_13_24","word","games_routines","produces","vent",,"Wait",
"item_414","i_13_25","word","games_routines","produces","goddag",,"hello",
"item_415","i_13_26","word","games_routines","produces","ringe",,"rings",
"item_416","i_13_27","word","games_routines","produces","vil",,"will",
"item_417","i_14_1","word","action_words","produces","arbejde",,"job",
"item_418","i_14_2","word","action_words","produces","klatre",,"Climb",
"item_419","i_14_3","word","action_words","produces","slikke",,"licking",
"item_420","i_14_4","word","action_words","produces","bide",,"bite",
"item_421","i_14_5","word","action_words","produces","kramme",,"hug",
"item_422","i_14_6","word","action_words","produces","slutte",,"join",
"item_423","i_14_7","word","action_words","produces","blive",,"stay",
"item_424","i_14_8","word","action_words","produces","kysse",,"kiss",
"item_425","i_14_9","word","action_words","produces","slå",,"beat",
"item_426","i_14_10","word","action_words","produces","bygge",,"building",
"item_427","i_14_11","word","action_words","produces","købe",,"buy",
"item_428","i_14_12","word","action_words","produces","smage",,"taste",
"item_429","i_14_13","word","action_words","produces","bære",,"wear",
"item_430","i_14_14","word","action_words","produces","køre",,"go",
"item_431","i_14_15","word","action_words","produces","smide",,"throw",
"item_432","i_14_16","word","action_words","produces","danse",,"dance",
"item_433","i_14_17","word","action_words","produces","lade som om",,"pretend",
"item_434","i_14_18","word","action_words","produces","smile",,"smile",
"item_435","i_14_19","word","action_words","produces","dele",,"parts",
"item_436","i_14_20","word","action_words","produces","larme",,"noise",
"item_437","i_14_21","word","action_words","produces","snakke",,"talk",
"item_438","i_14_22","word","action_words","produces","drikke",,"drink",
"item_439","i_14_23","word","action_words","produces","lave mad",,"cook",
"item_440","i_14_24","word","action_words","produces","sove",,"sleep",
"item_441","i_14_25","word","action_words","produces","elske",,"love",
"item_442","i_14_26","word","action_words","produces","lege",,"play",
"item_443","i_14_27","word","action_words","produces","sparke",,"Kick",
"item_444","i_14_28","word","action_words","produces","falde",,"fall",
"item_445","i_14_29","word","action_words","produces","lide",,"Like",
"item_446","i_14_30","word","action_words","produces","spilde",,"waste",
"item_447","i_14_31","word","action_words","produces","fange",,"catch",
"item_448","i_14_32","word","action_words","produces","lytte",,"listen",
"item_449","i_14_33","word","action_words","produces","spille",,"play",
"item_450","i_14_34","word","action_words","produces","feje",,"sweep",
"item_451","i_14_35","word","action_words","produces","lukke",,"close",
"item_452","i_14_36","word","action_words","produces","spise",,"eat",
"item_453","i_14_37","word","action_words","produces","finde",,"find",
"item_454","i_14_38","word","action_words","produces","læse",,"read",
"item_455","i_14_39","word","action_words","produces","stikke",,"sting",
"item_456","i_14_40","word","action_words","produces","få",,"get",
"item_457","i_14_41","word","action_words","produces","løbe",,"run",
"item_458","i_14_42","word","action_words","produces","standse",,"stop",
"item_459","i_14_43","word","action_words","produces","gemme",,"save",
"item_460","i_14_44","word","action_words","produces","løbe efter",,"run after",
"item_461","i_14_45","word","action_words","produces","stå",,"stand",
"item_462","i_14_46","word","action_words","produces","give",,"give",
"item_463","i_14_47","word","action_words","produces","made",,"made",
"item_464","i_14_48","word","action_words","produces","svømme",,"swim",
"item_465","i_14_49","word","action_words","produces","glide",,"slide",
"item_466","i_14_50","word","action_words","produces","male",,"paint",
"item_467","i_14_51","word","action_words","produces","synge",,"sing",
"item_468","i_14_52","word","action_words","produces","græde",,"cry",
"item_469","i_14_53","word","action_words","produces","ordne",,"fix",
"item_470","i_14_54","word","action_words","produces","sætte",,"put",
"item_471","i_14_55","word","action_words","produces","gynge (action)",,"swing",
"item_472","i_14_56","word","action_words","produces","passe",,"fit",
"item_473","i_14_57","word","action_words","produces","tabe",,"Losing",
"item_474","i_14_58","word","action_words","produces","gøre færdig",,"make ready",
"item_475","i_14_59","word","action_words","produces","plaske",,"splash",
"item_476","i_14_60","word","action_words","produces","tage",,"take",
"item_477","i_14_61","word","action_words","produces","gøre rent",,"clean",
"item_478","i_14_62","word","action_words","produces","puste",,"breathe",
"item_479","i_14_63","word","action_words","produces","tegne",,"draw",
"item_480","i_14_64","word","action_words","produces","gå",,"go",
"item_481","i_14_65","word","action_words","produces","putte",,"snuggle",
"item_482","i_14_66","word","action_words","produces","trække",,"pull",
"item_483","i_14_67","word","action_words","produces","havde",,"had",
"item_484","i_14_68","word","action_words","produces","ride",,"ride",
"item_485","i_14_69","word","action_words","produces","tænke",,"thinking",
"item_486","i_14_70","word","action_words","produces","have",,"have",
"item_487","i_14_71","word","action_words","produces","rive i stykker",,"tear into pieces",
"item_488","i_14_72","word","action_words","produces","tørre",,"dry",
"item_489","i_14_73","word","action_words","produces","hente",,"pick up",
"item_490","i_14_74","word","action_words","produces","rutche",,"water slide",
"item_491","i_14_75","word","action_words","produces","tørre af",,"wipe clean",
"item_492","i_14_76","word","action_words","produces","hjælpe",,"help",
"item_493","i_14_77","word","action_words","produces","rydde op",,"clean up",
"item_494","i_14_78","word","action_words","produces","vaske",,"wash",
"item_495","i_14_79","word","action_words","produces","holde",,"keep",
"item_496","i_14_80","word","action_words","produces","ryste",,"shake",
"item_497","i_14_81","word","action_words","produces","vente",,"wait",
"item_498","i_14_82","word","action_words","produces","holde øje med",,"watch",
"item_499","i_14_83","word","action_words","produces","røre",,"touch",
"item_500","i_14_84","word","action_words","produces","vise",,"show",
"item_501","i_14_85","word","action_words","produces","hoppe",,"jump",
"item_502","i_14_86","word","action_words","produces","se",,"see",
"item_503","i_14_87","word","action_words","produces","vælter",,"overturns",
"item_504","i_14_88","word","action_words","produces","hælde",,"pour",
"item_505","i_14_89","word","action_words","produces","sidde",,"sit",
"item_506","i_14_90","word","action_words","produces","vågne",,"wake",
"item_507","i_14_91","word","action_words","produces","høre",,"hear",
"item_508","i_14_92","word","action_words","produces","sige",,"say",
"item_509","i_14_93","word","action_words","produces","ødelægge",,"destroy",
"item_510","i_14_94","word","action_words","produces","kaste",,"throw",
"item_511","i_14_95","word","action_words","produces","skrive",,"write",
"item_512","i_14_96","word","action_words","produces","ønske",,"desire",
"item_513","i_14_97","word","action_words","produces","kigge",,"looking",
"item_514","i_14_98","word","action_words","produces","skubbe",,"push",
"item_515","i_14_99","word","action_words","produces","åbne",,"open",
"item_516","i_14_100","word","action_words","produces","kilde",,"source",
"item_517","i_14_101","word","action_words","produces","skynde sig",,"hurry",
"item_518","i_14_102","word","action_words","produces","klappe",,"pat",
"item_519","i_14_103","word","action_words","produces","skære",,"cutting",
"item_520","i_15_1","word","descriptive_words","produces","bange",,"afraid",
"item_521","i_15_2","word","descriptive_words","produces","hård",,"hard",
"item_522","i_15_3","word","descriptive_words","produces","stakkels",,"poor",
"item_523","i_15_4","word","descriptive_words","produces","bedre",,"better",
"item_524","i_15_5","word","descriptive_words","produces","i stykker",,"broken",
"item_525","i_15_6","word","descriptive_words","produces","stille",,"put",
"item_526","i_15_7","word","descriptive_words","produces","beskidt",,"dirty",
"item_527","i_15_8","word","descriptive_words","produces","ked af det",,"sorry",
"item_528","i_15_9","word","descriptive_words","produces","stor",,"large",
"item_529","i_15_10","word","descriptive_words","produces","blæser",,"blower",
"item_530","i_15_11","word","descriptive_words","produces","klistret",,"sticky",
"item_531","i_15_12","word","descriptive_words","produces","sulten",,"hungry",
"item_532","i_15_13","word","descriptive_words","produces","blød",,"soft",
"item_533","i_15_14","word","descriptive_words","produces","kold",,"cold",
"item_534","i_15_15","word","descriptive_words","produces","sur",,"sur",
"item_535","i_15_16","word","descriptive_words","produces","blå",,"blue",
"item_536","i_15_17","word","descriptive_words","produces","køn",,"sex",
"item_537","i_15_18","word","descriptive_words","produces","syg",,"ill",
"item_538","i_15_19","word","descriptive_words","produces","brun",,"brown",
"item_539","i_15_20","word","descriptive_words","produces","lang",,"long",
"item_540","i_15_21","word","descriptive_words","produces","sød",,"sweet",
"item_541","i_15_22","word","descriptive_words","produces","fin",,"fine",
"item_542","i_15_23","word","descriptive_words","produces","langsom",,"slow",
"item_543","i_15_24","word","descriptive_words","produces","søvnig",,"sleepy",
"item_544","i_15_25","word","descriptive_words","produces","forsigtig",,"careful",
"item_545","i_15_26","word","descriptive_words","produces","lille",,"little",
"item_546","i_15_27","word","descriptive_words","produces","sidst",,"eventually",
"item_547","i_15_28","word","descriptive_words","produces","forskrækket",,"frightened",
"item_548","i_15_29","word","descriptive_words","produces","mørk",,"dark",
"item_549","i_15_30","word","descriptive_words","produces","tom",,"empty",
"item_550","i_15_31","word","descriptive_words","produces","fræk",,"naughty",
"item_551","i_15_32","word","descriptive_words","produces","ny",,"new",
"item_552","i_15_33","word","descriptive_words","produces","træt",,"tired",
"item_553","i_15_34","word","descriptive_words","produces","fuld",,"full",
"item_554","i_15_35","word","descriptive_words","produces","(gør) ondt",,"(Do) evil",
"item_555","i_15_36","word","descriptive_words","produces","tung",,"heavy",
"item_556","i_15_37","word","descriptive_words","produces","først",,"first",
"item_557","i_15_38","word","descriptive_words","produces","orange",,"orange",
"item_558","i_15_39","word","descriptive_words","produces","tør",,"dry",
"item_559","i_15_40","word","descriptive_words","produces","gammel",,"old",
"item_560","i_15_41","word","descriptive_words","produces","pæn",,"nice",
"item_561","i_15_42","word","descriptive_words","produces","tørstig",,"thirsty",
"item_562","i_15_43","word","descriptive_words","produces","glad",,"glad",
"item_563","i_15_44","word","descriptive_words","produces","rar",,"rar",
"item_564","i_15_45","word","descriptive_words","produces","ulækker",,"seamy",
"item_565","i_15_46","word","descriptive_words","produces","god",,"good",
"item_566","i_15_47","word","descriptive_words","produces","ren",,"clean",
"item_567","i_15_48","word","descriptive_words","produces","varm",,"hot",
"item_568","i_15_49","word","descriptive_words","produces","grøn",,"green",
"item_569","i_15_50","word","descriptive_words","produces","rød",,"red",
"item_570","i_15_51","word","descriptive_words","produces","venlig",,"Yours",
"item_571","i_15_52","word","descriptive_words","produces","gul",,"yellow",
"item_572","i_15_53","word","descriptive_words","produces","sidde fast",,"stuck",
"item_573","i_15_54","word","descriptive_words","produces","vred",,"angry",
"item_574","i_15_55","word","descriptive_words","produces","hurtig",,"fast",
"item_575","i_15_56","word","descriptive_words","produces","slem",,"bad",
"item_576","i_15_57","word","descriptive_words","produces","væk (description)",,"away",
"item_577","i_15_58","word","descriptive_words","produces","hvid",,"white",
"item_578","i_15_59","word","descriptive_words","produces","snavset",,"dirty",
"item_579","i_15_60","word","descriptive_words","produces","våd",,"wet",
"item_580","i_15_61","word","descriptive_words","produces","høj",,"High",
"item_581","i_15_62","word","descriptive_words","produces","sort",,"black",
"item_582","i_15_63","word","descriptive_words","produces","vågen",,"awake",
"item_583","i_16_1","word","time_words","produces","aften",,"evening",
"item_584","i_16_2","word","time_words","produces","før",,"before",
"item_585","i_16_3","word","time_words","produces","morgen",,"morning",
"item_586","i_16_4","word","time_words","produces","dag",,"day",
"item_587","i_16_5","word","time_words","produces","i aften",,"tonight",
"item_588","i_16_6","word","time_words","produces","nat",,"night",
"item_589","i_16_7","word","time_words","produces","efter",,"after",
"item_590","i_16_8","word","time_words","produces","i dag",,"today",
"item_591","i_16_9","word","time_words","produces","nu",,"now",
"item_592","i_16_10","word","time_words","produces","eftermiddag",,"afternoon",
"item_593","i_16_11","word","time_words","produces","i går",,"yesterday",
"item_594","i_16_12","word","time_words","produces","senere",,"later",
"item_595","i_16_13","word","time_words","produces","formiddag",,"morning",
"item_596","i_16_14","word","time_words","produces","i morgen",,"tomorrow",
"item_597","i_16_15","word","time_words","produces","tid",,"time",
"item_598","i_17_1","word","pronouns","produces","de",,"they",
"item_599","i_17_2","word","pronouns","produces","du",,"you",
"item_600","i_17_3","word","pronouns","produces","mig",,"me",
"item_601","i_17_4","word","pronouns","produces","dem",,"them",
"item_602","i_17_5","word","pronouns","produces","han",,"he",
"item_603","i_17_6","word","pronouns","produces","mig selv",,"myself",
"item_604","i_17_7","word","pronouns","produces","den",,"the",
"item_605","i_17_8","word","pronouns","produces","hans",,"his",
"item_606","i_17_9","word","pronouns","produces","min/mit/mine",,"my / my / mine",
"item_607","i_17_10","word","pronouns","produces","denne/den her",,"this / it here",
"item_608","i_17_11","word","pronouns","produces","ham ",,"him",
"item_609","i_17_12","word","pronouns","produces","os",,"us",
"item_610","i_17_13","word","pronouns","produces","dens/dets",,"its / their",
"item_611","i_17_14","word","pronouns","produces","hende",,"her",
"item_612","i_17_15","word","pronouns","produces","sig",,"themselves",
"item_613","i_17_16","word","pronouns","produces","deres",,"their",
"item_614","i_17_17","word","pronouns","produces","hendes",,"her",
"item_615","i_17_18","word","pronouns","produces","sig selv",,"per se",
"item_616","i_17_19","word","pronouns","produces","det",,"the",
"item_617","i_17_20","word","pronouns","produces","hun",,"she",
"item_618","i_17_21","word","pronouns","produces","sin/sit/sine",,"his / her / its",
"item_619","i_17_22","word","pronouns","produces","dette/det her",,"this / it here",
"item_620","i_17_23","word","pronouns","produces","I",,"You",
"item_621","i_17_24","word","pronouns","produces","vi",,"we",
"item_622","i_17_25","word","pronouns","produces","dig",,"you",
"item_623","i_17_26","word","pronouns","produces","jeg",,"I",
"item_624","i_17_27","word","pronouns","produces","vores",,"our",
"item_625","i_17_28","word","pronouns","produces","dig selv",,"yourself",
"item_626","i_17_29","word","pronouns","produces","jer",,"you",
"item_627","i_17_30","word","pronouns","produces","din/dit/dine",,"your / your / your",
"item_628","i_17_31","word","pronouns","produces","jeres",,"your",
"item_629","i_18_1","word","question_words","produces","hvad",,"what",
"item_630","i_18_2","word","question_words","produces","hvor",,"where",
"item_631","i_18_3","word","question_words","produces","hvornår",,"when",
"item_632","i_18_4","word","question_words","produces","hvem",,"who",
"item_633","i_18_5","word","question_words","produces","hvordan",,"how",
"item_634","i_18_6","word","question_words","produces","hvilken/hvilket",,"what / which",
"item_635","i_18_7","word","question_words","produces","hvorfor",,"why",
"item_636","i_19_1","word","locations","produces","af",,"of",
"item_637","i_19_2","word","locations","produces","hjemme",,"home",
"item_638","i_19_3","word","locations","produces","oppe",,"up",
"item_639","i_19_4","word","locations","produces","bagved",,"behind",
"item_640","i_19_5","word","locations","produces","hos",,"from",
"item_641","i_19_6","word","locations","produces","over",,"over",
"item_642","i_19_7","word","locations","produces","bort",,"away",
"item_643","i_19_8","word","locations","produces","i",,"in",
"item_644","i_19_9","word","locations","produces","ovre",,"over",
"item_645","i_19_10","word","locations","produces","borte",,"away",
"item_646","i_19_11","word","locations","produces","ind",,"in",
"item_647","i_19_12","word","locations","produces","på",,"on",
"item_648","i_19_13","word","locations","produces","der",,"there",
"item_649","i_19_14","word","locations","produces","inde",,"in",
"item_650","i_19_15","word","locations","produces","til",,"to",
"item_651","i_19_16","word","locations","produces","for",,"to",
"item_652","i_19_17","word","locations","produces","inden i",,"inside",
"item_653","i_19_18","word","locations","produces","tilbage",,"back",
"item_654","i_19_19","word","locations","produces","fra",,"from",
"item_655","i_19_20","word","locations","produces","i stedet for",,"instead of",
"item_656","i_19_21","word","locations","produces","ud",,"out",
"item_657","i_19_22","word","locations","produces","frem",,"forward",
"item_658","i_19_23","word","locations","produces","med",,"with",
"item_659","i_19_24","word","locations","produces","ude",,"out",
"item_660","i_19_25","word","locations","produces","fremme",,"promotion",
"item_661","i_19_26","word","locations","produces","mod",,"against",
"item_662","i_19_27","word","locations","produces","uden for",,"outside",
"item_663","i_19_28","word","locations","produces","gennem",,"through",
"item_664","i_19_29","word","locations","produces","ned",,"down",
"item_665","i_19_30","word","locations","produces","under",,"below",
"item_666","i_19_31","word","locations","produces","hen",,"go",
"item_667","i_19_32","word","locations","produces","nede",,"down",
"item_668","i_19_33","word","locations","produces","ved",,"by",
"item_669","i_19_34","word","locations","produces","henne",,"pregnant",
"item_670","i_19_35","word","locations","produces","om",,"on",
"item_671","i_19_36","word","locations","produces","ved siden af",,"next",
"item_672","i_19_37","word","locations","produces","her",,"here",
"item_673","i_19_38","word","locations","produces","omme",,"helpful",
"item_674","i_19_39","word","locations","produces","væk (location)",,"away",
"item_675","i_19_40","word","locations","produces","hjem",,"home",
"item_676","i_19_41","word","locations","produces","op",,"up",
"item_677","i_20_1","word","quantifiers","produces","alle",,"all",
"item_678","i_20_2","word","quantifiers","produces","det","that","the",
"item_679","i_20_3","word","quantifiers","produces","mange",,"many",
"item_680","i_20_4","word","quantifiers","produces","(en) anden",,"(One) second",
"item_681","i_20_5","word","quantifiers","produces","hver",,"each",
"item_682","i_20_6","word","quantifiers","produces","meget",,"very",
"item_683","i_20_7","word","quantifiers","produces","(et) andet",,"(A) other",
"item_684","i_20_8","word","quantifiers","produces","hvert",,"each",
"item_685","i_20_9","word","quantifiers","produces","mere",,"more",
"item_686","i_20_10","word","quantifiers","produces","andre",,"other",
"item_687","i_20_11","word","quantifiers","produces","ikke",,"not",
"item_688","i_20_12","word","quantifiers","produces","nogen/nogle",,"someone / some",
"item_689","i_20_13","word","quantifiers","produces","en (ikke tallet 1)",,"a (non-figure 1)",
"item_690","i_20_14","word","quantifiers","produces","ingen",,"no",
"item_691","i_20_15","word","quantifiers","produces","noget",,"something",
"item_692","i_20_16","word","quantifiers","produces","et (ikke tallet 1)",,"a (not the number 1)",
"item_693","i_20_17","word","quantifiers","produces","intet",,"nothing",
"item_694","i_20_18","word","quantifiers","produces","også",,"also",
"item_695","i_20_19","word","quantifiers","produces","den",,"the",
"item_696","i_20_20","word","quantifiers","produces","lidt",,"a little",
"item_697","i_20_21","word","quantifiers","produces","samme",,"same",
"item_698","i_21_1","word","helping_verbs","produces","er",,"is",
"item_699","i_21_2","word","helping_verbs","produces","kan",,"can",
"item_700","i_21_3","word","helping_verbs","produces","skulle (datid)",,"had (past tense)",
"item_701","i_21_4","word","helping_verbs","produces","gjorde",,"did",
"item_702","i_21_5","word","helping_verbs","produces","kunne (datid)",,"could (past tense)",
"item_703","i_21_6","word","helping_verbs","produces","(at) skulle",,"(That) should",
"item_704","i_21_7","word","helping_verbs","produces","gør",,"makes",
"item_705","i_21_8","word","helping_verbs","produces","(at) kunne",,"(That) could",
"item_706","i_21_9","word","helping_verbs","produces","var",,"was",
"item_707","i_21_10","word","helping_verbs","produces","gøre",,"do",
"item_708","i_21_11","word","helping_verbs","produces","må",,"must",
"item_709","i_21_12","word","helping_verbs","produces","vil",,"will",
"item_710","i_21_13","word","helping_verbs","produces","har",,"have",
"item_711","i_21_14","word","helping_verbs","produces","måtte (datid)",,"mat (past tense)",
"item_712","i_21_15","word","helping_verbs","produces","ville (datid)",,"would (past tense)",
"item_713","i_21_16","word","helping_verbs","produces","ha(ve)",,"ha (ve)",
"item_714","i_21_17","word","helping_verbs","produces","(at) måtte",,"(That) had",
"item_715","i_21_18","word","helping_verbs","produces","(at) ville",,"(That) would",
"item_716","i_21_19","word","helping_verbs","produces","havde",,"had",
"item_717","i_21_20","word","helping_verbs","produces","skal",,"must",
"item_718","i_21_21","word","helping_verbs","produces","være",,"be",
"item_719","i_22_1","word","connecting_words","produces","da",,"when",
"item_720","i_22_2","word","connecting_words","produces","men",,"but",
"item_721","i_22_3","word","connecting_words","produces","sådan",,"such",
"item_722","i_22_4","word","connecting_words","produces","fordi",,"because",
"item_723","i_22_5","word","connecting_words","produces","og",,"and",
"item_724","i_22_6","word","connecting_words","produces","hvis",,"if",
"item_725","i_22_7","word","connecting_words","produces","så",,"so",
"item_726","i_23_1","how_use_words",,"yes; no","how_use_words_1",,,
"item_727","i_23_2","how_use_words",,"yes; no","how_use_words_2",,,
"item_728","i_23_3","how_use_words",,"yes; no","how_use_words_3",,,
"item_729","i_23_4","how_use_words",,"yes; no","how_use_words_4",,,
"item_730","i_23_5","how_use_words",,"yes; no","how_use_words_5",,,
"item_731","i_24_1","word_endings",,"not yet; sometimes; often","Når vi taler om mere end en ting; føjer vi ”-er” eller ”-e” til mangeord; fx biler (for mere end én bil); bamser; dukker; skibe; bolde. Er dit barn begyndt at gøre det?",,,
"item_732","i_24_2","word_endings",,"not yet; sometimes; often","Når vi taler om ejerforhold; tilføjer vi ”-s”; fx Peters bamse; bamsens ører; fars nøgler; mors bog. Er dit barn begyndt at gøre det?",,,
"item_733","i_24_3","word_endings",,"not yet; sometimes; often","Når vi taler om ting; der er sket i fortiden; tilføjer vi ofte ”-ede” eller ”-te” til udsagnsordet; fx snakkede; hoppede; spiste; kørte. Er dit barn begyndt at gøre det?",,,
"item_734","i_25_1","word_forms",,"produces","børn",,"children",
"item_735","i_25_2","word_forms",,"produces","heste",,"horses",
"item_736","i_25_3","word_forms",,"produces","mænd",,"men",
"item_737","i_25_4","word_forms",,"produces","fødder",,"feeder",
"item_738","i_25_5","word_forms",,"produces","hunde",,"dogs",
"item_739","i_25_6","word_forms",,"produces","skibe",,"ships",
"item_740","i_25_7","word_forms",,"produces","(flere) får",,"(more) sheep",
"item_741","i_25_8","word_forms",,"produces","(flere) mus",,"(more) mice",
"item_742","i_25_9","word_forms",,"produces","(flere) sko",,"(more) shoes",
"item_743","i_25_10","word_forms",,"produces","blev",,"was",
"item_744","i_25_11","word_forms",,"produces","gjorde",,"did",
"item_745","i_25_12","word_forms",,"produces","sad",,"sat",
"item_746","i_25_13","word_forms",,"produces","blæste",,"blew",
"item_747","i_25_14","word_forms",,"produces","havde",,"had",
"item_748","i_25_15","word_forms",,"produces","slog",,"beat",
"item_749","i_25_16","word_forms",,"produces","drak",,"drank",
"item_750","i_25_17","word_forms",,"produces","holdt",,"held",
"item_751","i_25_18","word_forms",,"produces","spiste",,"ate",
"item_752","i_25_19","word_forms",,"produces","faldt",,"decreased",
"item_753","i_25_20","word_forms",,"produces","kom",,"came",
"item_754","i_25_21","word_forms",,"produces","så",,"so",
"item_755","i_25_22","word_forms",,"produces","fik",,"got",
"item_756","i_25_23","word_forms",,"produces","købte",,"bought",
"item_757","i_25_24","word_forms",,"produces","tabte",,"lost",
"item_758","i_25_25","word_forms",,"produces","fløj",,"wing",
"item_759","i_25_26","word_forms",,"produces","kørte",,"drove",
"item_760","i_25_27","word_forms",,"produces","tog",,"train",
"item_761","i_25_28","word_forms",,"produces","gik",,"went",
"item_762","i_25_29","word_forms",,"produces","løb",,"race",
"item_763","i_26_1","word_endings",,"produces","(flere) barn",,"(more) child",
"item_764","i_26_2","word_endings",,"produces","fodder",,"feet",
"item_765","i_26_3","word_endings",,"produces","mænder",,"minded men",
"item_766","i_26_4","word_endings",,"produces","barne",,"baby",
"item_767","i_26_5","word_endings",,"produces","fød",,"birth",
"item_768","i_26_6","word_endings",,"produces","muse",,"mouse",
"item_769","i_26_7","word_endings",,"produces","barner",,"Barner",
"item_770","i_26_8","word_endings",,"produces","fødde",,"feet Inla",
"item_771","i_26_9","word_endings",,"produces","muser",,"muses",
"item_772","i_26_10","word_endings",,"produces","børne",,"children",
"item_773","i_26_11","word_endings",,"produces","(flere) mand",,"(more) man",
"item_774","i_26_12","word_endings",,"produces","skoe",,"to shoe",
"item_775","i_26_13","word_endings",,"produces","børner",,"Børner",
"item_776","i_26_14","word_endings",,"produces","mande",,"overpower",
"item_777","i_26_15","word_endings",,"produces","skoer",,"crazy",
"item_778","i_26_16","word_endings",,"produces","(flere) fod",,"(more) foot",
"item_779","i_26_17","word_endings",,"produces","mander",,"mander",
"item_780","i_26_18","word_endings",,"produces","tander",,"Tander",
"item_781","i_26_19","word_endings",,"produces","fodde",,"fodde",
"item_782","i_26_20","word_endings",,"produces","mænde",,"available supply",
"item_783","i_26_21","word_endings",,"produces","tåer",,"TAAs",
"item_784","i_26_22","word_endings",,"produces","bringede",,"bringede",
"item_785","i_26_23","word_endings",,"produces","gørte",,"gørte",
"item_786","i_26_24","word_endings",,"produces","sete",,"viewed",
"item_787","i_26_25","word_endings",,"produces","bringte",,"bringte",
"item_788","i_26_26","word_endings",,"produces","gåede",,"had crossed",
"item_789","i_26_27","word_endings",,"produces","siddede",,"siddede",
"item_790","i_26_28","word_endings",,"produces","blæsede",,"blæsede",
"item_791","i_26_29","word_endings",,"produces","gåte",,"gåte",
"item_792","i_26_30","word_endings",,"produces","sidte",,"sidte",
"item_793","i_26_31","word_endings",,"produces","drakkede",,"drank bored",
"item_794","i_26_32","word_endings",,"produces","havede",,"havede",
"item_795","i_26_33","word_endings",,"produces","såddede",,"såddede",
"item_796","i_26_34","word_endings",,"produces","drakte",,"drakte",
"item_797","i_26_35","word_endings",,"produces","havte",,"havte",
"item_798","i_26_36","word_endings",,"produces","såte",,"Saate",
"item_799","i_26_37","word_endings",,"produces","drikkede",,"drink bored",
"item_800","i_26_38","word_endings",,"produces","holdede",,"holdede",
"item_801","i_26_39","word_endings",,"produces","tagede",,"tagede",
"item_802","i_26_40","word_endings",,"produces","drikte",,"drikte",
"item_803","i_26_41","word_endings",,"produces","holdte",,"held",
"item_804","i_26_42","word_endings",,"produces","tagte",,"tagte",
"item_805","i_26_43","word_endings",,"produces","faldede",,"faldede",
"item_806","i_26_44","word_endings",,"produces","hørede",,"hørede",
"item_807","i_26_45","word_endings",,"produces","togede",,"togede",
"item_808","i_26_46","word_endings",,"produces","faldte",,"faldte",
"item_809","i_26_47","word_endings",,"produces","kommede",,"perfected",
"item_810","i_26_48","word_endings",,"produces","togte",,"togte",
"item_811","i_26_49","word_endings",,"produces","flyvede",,"flyvede",
"item_812","i_26_50","word_endings",,"produces","komte",,"komte",
"item_813","i_26_51","word_endings",,"produces","ødelaggede",,"ødelaggede",
"item_814","i_26_52","word_endings",,"produces","flyvte",,"flyvte",
"item_815","i_26_53","word_endings",,"produces","løbede",,"løbede",
"item_816","i_26_54","word_endings",,"produces","ødelagte",,"destroyed",
"item_817","i_26_55","word_endings",,"produces","fåede",,"fåede",
"item_818","i_26_56","word_endings",,"produces","løbte",,"løbte",
"item_819","i_26_57","word_endings",,"produces","ødelæggede",,"can destroy",
"item_820","i_26_58","word_endings",,"produces","fåte",,"fåte",
"item_821","i_26_59","word_endings",,"produces","sadte",,"sadte",
"item_822","i_26_60","word_endings",,"produces","ødelægte",,"ødelægte",
"item_823","i_26_61","word_endings",,"produces","gørede",,"gørede",
"item_824","i_26_62","word_endings",,"produces","seede",,"seeding",
"item_825","i_27_1","combine",,"not yet; sometimes; often","Er dit barn begyndt at kombinere ord; så som “ mere kiks” eller “hund bider”?",,,
"item_826","i_28_1","complexity",,"simple; complex","To bil / To biler",,"Too car / Two cars","morphology"
"item_827","i_28_2","complexity",,"simple; complex","Det min bil / Det er min bil",,"There my car / That's my car","syntax"
"item_828","i_28_3","complexity",,"simple; complex","Tænd lys / Tænd lyset så jeg kan se",,"Turn Light / Turn on the light so I can see","syntax"
"item_829","i_28_4","complexity",,"simple; complex","To fod / To fødder",,"Two feet / Two feet","morphology"
"item_830","i_28_5","complexity",,"simple; complex","Du ordne det? / Kan du ordne det?",,"You fix it? / Can you fix it?","syntax"
"item_831","i_28_6","complexity",,"simple; complex","Jeg vil ha’ den / Jeg vil ha’ den som du har",,"I want it / I want it as you","syntax"
"item_832","i_28_7","complexity",,"simple; complex","Far bil / Fars bil",,"Far car / Fars car","morphology"
"item_833","i_28_8","complexity",,"simple; complex","Læs historie mor / Læs en historie for mig mor",,"Read the story mother / Read me a story mom","syntax"
"item_834","i_28_9","complexity",,"simple; complex","Vil have kiks / Vil have kiks og mælk",,"Want biscuits / Want biscuits and milk","syntax"
"item_835","i_28_10","complexity",,"simple; complex","Jeg falder ned / Jeg faldt ned",,"I fall down / I fell down","morphology"
"item_836","i_28_11","complexity",,"simple; complex","Nej vaske dukken / Ikke vaske dukken",,"No wash the doll / Not washing doll","syntax"
"item_837","i_28_12","complexity",,"simple; complex","Kiks mor / Kiks til mor",,"Biscuits mother / Biscuits for mom","syntax"
"item_838","i_28_13","complexity",,"simple; complex","Flere småkage / Flere småkager",,"More biscuit / cookies More","morphology"
"item_839","i_28_14","complexity",,"simple; complex","Ha’ mere saft / Ha’ (mere) saft i den her",,"Have more juice / Ha '(more) juice in it here","syntax"
"item_840","i_28_15","complexity",,"simple; complex","Baby vil spise / Baby vil gerne spise",,"Baby will eat / Baby want to eat","syntax"
"item_841","i_28_16","complexity",,"simple; complex","De (er) min tand / De (er) mine tænder",,"They (are) my tooth / The (is) my teeth","morphology"
"item_842","i_28_17","complexity",,"simple; complex","Der en mis / Der er en mis",,"A mis / There is a mis","syntax"
"item_843","i_28_18","complexity",,"simple; complex","Se mig / Se mig danse",,"See me / See me dance","syntax"
"item_844","i_28_19","complexity",,"simple; complex","Baby tæppe / Babys tæppe",,"Baby blanket / Babys carpet","morphology"
"item_845","i_28_20","complexity",,"simple; complex","Hvor mor gå hen? / Hvor gik mor hen?",,"Where mother go? / Where did Mom go?","morphology"
"item_846","i_28_21","complexity",,"simple; complex","Se / Se hvad jeg har",,"See / See what I have","syntax"
"item_847","i_28_22","complexity",,"simple; complex","Hunden kysser mig / Hunden kyssede mig",,"The dog kisses me / dog kissed me","morphology"
"item_848","i_28_23","complexity",,"simple; complex","Kaffe varm / Den kaffe varm",,"Coffee hot / The coffee hot","syntax"
"item_849","i_28_24","complexity",,"simple; complex","Hvor er min dukke? / Hvor er min dukke; der hedder Lise?",,"Where is my doll? / Where is my doll; named Lise?","syntax"
"item_850","i_28_25","complexity",,"simple; complex","Far tager mig op / Far tog mig op",,"Father takes me up / Dad took me up","morphology"
"item_851","i_28_26","complexity",,"simple; complex","Jeg nej gør det / Jeg kan ikke gøre det",,"I no do it / I can not do it","syntax"
"item_852","i_28_27","complexity",,"simple; complex","Vi lavede det / Mig og Paul lavede det",,"We made it / Me and Paul made it","syntax"
"item_853","i_28_28","complexity",,"simple; complex","Katten går væk / Katten gik væk",,"The cat goes away / The cat went away","morphology"
"item_854","i_28_29","complexity",,"simple; complex","Jeg kan lide læse historier / Jeg kan lide at læse historier",,"I like reading stories / I like to read stories","syntax"
"item_855","i_28_30","complexity",,"simple; complex","Jeg synger en sang / Jeg synger en sang for dig",,"I sing a song / I sing a song for you","syntax"
"item_856","i_28_31","complexity",,"simple; complex","Hunden bord / Hunden på bordet",,"The dog table / dog on the table","syntax"
"item_857","i_28_32","complexity",,"simple; complex","Ikke læse bog / Jeg vil ikke (ha) du læse den bog",,"Do not read book / I will not (have) read the book","syntax"
"item_858","i_28_33","complexity",,"simple; complex","Baby græder / Baby græder fordi hun er ked af det",,"Baby crying / Baby crying because she is upset","syntax"
