itemID,item,type,choices,category,definition,gloss,complexity_category,uni_lemma
item_1,,word,produces,sounds,aïe,Ouch,,
item_2,,word,produces,sounds,bêêê bêêê,baaaah baaaah,,
item_3,,word,produces,sounds,cocorico,cockledoodledoo,,
item_4,,word,produces,sounds,coin coin,quack quack,,
item_5,,word,produces,sounds,grr,grr,,
item_6,,word,produces,sounds,miam miam,yum yum,,
item_7,,word,produces,sounds,miaou,meow,,
item_8,,word,produces,sounds,meuh,moo,,
item_9,,word,produces,sounds,oh oh,Oh oh,,
item_10,,word,produces,sounds,tchou tchou,Choo Choo,,
item_11,,word,produces,sounds,vroum,vroom,,
item_12,,word,produces,sounds,wouf wouf,woof woof,,
item_13,,word,produces,animals,abeille,bee,,
item_14,,word,produces,animals,agneau,lamb,,
item_15,,word,produces,animals,alligator/crocodile,alligator / crocodile,,
item_16,,word,produces,animals,âne,donkey,,
item_17,,word,produces,animals,animal,animal,,
item_18,,word,produces,animals,bibitte,bug,,
item_19,,word,produces,animals,canard,duck,,
item_20,,word,produces,animals,chat,cat,,
item_21,,word,produces,animals,cheval,horse,,
item_22,,word,produces,animals,chevreuil,roe deer,,
item_23,,word,produces,animals,chien,dog,,
item_24,,word,produces,animals,cochon,pig,,
item_25,,word,produces,animals,coq,cock,,
item_26,,word,produces,animals,dinde,turkey,,
item_27,,word,produces,animals,écureuil,squirrel,,
item_28,,word,produces,animals,éléphant ,elephant,,
item_29,,word,produces,animals,fourmi,ant,,
item_30,,word,produces,animals,girafe,giraffe,,
item_31,,word,produces,animals,grenouille,frog,,
item_32,,word,produces,animals,hibou,owl,,
item_33,,word,produces,animals,lapin,rabbit,,
item_34,,word,produces,animals,lion,Lion,,
item_35,,word,produces,animals,loup,wolf,,
item_36,,word,produces,animals,mouton,sheep,,
item_37,,word,produces,animals,oie,goose,,
item_38,,word,produces,animals,oiseau,bird,,
item_39,,word,produces,animals,orignal,moose,,
item_40,,word,produces,animals,ours,bear,,
item_41,,word,produces,animals,ourson/nounours,Bear / Teddy,,
item_42,,word,produces,animals,panda,panda,,
item_43,,word,produces,animals,papillon,butterfly,,
item_44,,word,produces,animals,pingouin,Penguin,,
item_45,,word,produces,animals,poisson,fish,,
item_46,,word,produces,animals,poule ,hen,,
item_47,,word,produces,animals,poulet,chicken,,
item_48,,word,produces,animals,singe,monkey,,
item_49,,word,produces,animals,souris,mouse,,
item_50,,word,produces,animals,tigre,tiger,,
item_51,,word,produces,animals,tortue,tortoise,,
item_52,,word,produces,animals,vache,cow,,
item_53,,word,produces,animals,zèbre,zebra,,
item_54,,word,produces,vehicles,auto,auto,,
item_55,,word,produces,vehicles,autobus,bus,,
item_56,,word,produces,vehicles,avion,plane,,
item_57,,word,produces,vehicles,bateau,boat,,
item_58,,word,produces,vehicles,bicyclette,bicycle,,
item_59,,word,produces,vehicles,camion,truck,,
item_60,,word,produces,vehicles,camion de pompier,fire truck,,
item_61,,word,produces,vehicles,hélicoptère,helicopter,,
item_62,,word,produces,vehicles,moto,motorbike,,
item_63,,word,produces,vehicles,poussette,stroller,,
item_64,,word,produces,vehicles,tracteur,tractor,,
item_65,,word,produces,vehicles,train,train,,
item_66,,word,produces,vehicles,traîneau,sled,,
item_67,,word,produces,vehicles,tricycle,tricycle,,
item_68,,word,produces,toys,balle,ball,,
item_69,,word,produces,toys,ballon,ball,,
item_70,,word,produces,toys,bâton,stick,,
item_71,,word,produces,toys,bloc,block,,
item_72,,word,produces,toys,bulles,bubbles,,
item_73,,word,produces,toys,cadeau,gift,,
item_74,,word,produces,toys,casse-tête,brain teaser,,
item_75,,word,produces,toys,colle,glue,,
item_76,,word,produces,toys,craie,chalk,,
item_77,,word,produces,toys,crayon,pencil,,
item_78,,word,produces,toys,crayon de couleur,colored pencil,,
item_79,,word,produces,toys,histoire,history,,
item_80,,word,produces,toys,jeu,game,,
item_81,,word,produces,toys,jouet,toy,,
item_82,,word,produces,toys,lego,lego,,
item_83,,word,produces,toys,livre,book,,
item_84,,word,produces,toys,pâte à modeler,plasticine,,
item_85,,word,produces,toys,poupée,doll,,
item_86,,word,produces,toys,stylo,pen,,
item_87,,word,produces,toys,toutou,doggie,,
item_88,,word,produces,food_drink,banane,banana,,
item_89,,word,produces,food_drink,beigne,donut,,
item_90,,word,produces,food_drink,beurre,butter,,
item_91,,word,produces,food_drink,beurre de pinotte/d'arachide,pinotte butter / peanut,,
item_92,,word,produces,food_drink,biscuit,biscuit,,
item_93,,word,produces,food_drink,biscuit soda,soda biscuit,,
item_94,,word,produces,food_drink,blé d'inde,Corn,,
item_95,,word,produces,food_drink,bonbon,candy,,
item_96,,word,produces,food_drink,café,coffee,,
item_97,,word,produces,food_drink,carotte,carrot,,
item_98,,word,produces,food_drink,céréales,cereals,,
item_99,,word,produces,food_drink,cheerios,cheerios,,
item_100,,word,produces,food_drink,chips,chips,,
item_101,,word,produces,food_drink,chocolat,chocolate,,
item_102,,word,produces,food_drink,citrouille,pumpkin,,
item_103,,word,produces,food_drink,coke,coke,,
item_104,,word,produces,food_drink,compote de pommes,applesauce,,
item_105,,word,produces,food_drink,confiture,jam,,
item_106,,word,produces,food_drink,cornichon,pickle,,
item_107,,word,produces,food_drink,crème glacée,ice cream,,
item_108,,word,produces,food_drink,crêpe,crepe,,
item_109,,word,produces,food_drink,eau,water,,
item_110,,word,produces,food_drink,fraise,strawberry,,
item_111,,word,produces,food_drink,fromage,cheese,,
item_112,,word,produces,food_drink,gâteau,Cake,,
item_113,,word,produces,food_drink,glace,ice,,
item_114,,word,produces,food_drink,gomme,gum,,
item_115,,word,produces,food_drink,hamburger,Hamburger,,
item_116,,word,produces,food_drink,haricot,bean,,
item_117,,word,produces,food_drink,jello,jello,,
item_118,,word,produces,food_drink,jus,juice,,
item_119,,word,produces,food_drink,lait,milk,,
item_120,,word,produces,food_drink,melon,melon,,
item_121,,word,produces,food_drink,muffin,muffin,,
item_122,,word,produces,food_drink,noix,nuts,,
item_123,,word,produces,food_drink,nouilles/pâtes,noodles / pasta,,
item_124,,word,produces,food_drink,nourriture,food,,
item_125,,word,produces,food_drink,oeuf,egg,,
item_126,,word,produces,food_drink,orange,orange,,
item_127,,word,produces,food_drink,pain,bread,,
item_128,,word,produces,food_drink,patate,potato,,
item_129,,word,produces,food_drink,patate frite,fried potato,,
item_130,,word,produces,food_drink,pizza,Pizza,,
item_131,,word,produces,food_drink,pois,peas,,
item_132,,word,produces,food_drink,poisson,fish,,
item_133,,word,produces,food_drink,pomme,apple,,
item_134,,word,produces,food_drink,popcorn,pop corn,,
item_135,,word,produces,food_drink,popsicle,popsicle,,
item_136,,word,produces,food_drink,pouding,pudding,,
item_137,,word,produces,food_drink,poulet,chicken,,
item_138,,word,produces,food_drink,raisin,grapes,,
item_139,,word,produces,food_drink,raisin sec,raisin,,
item_140,,word,produces,food_drink,sandwich,sandwich,,
item_141,,word,produces,food_drink,sauce,sauce,,
item_142,,word,produces,food_drink,sel,salt,,
item_143,,word,produces,food_drink,soupe,soup,,
item_144,,word,produces,food_drink,spaghetti,spaghetti,,
item_145,,word,produces,food_drink,suçon,lollipop,,
item_146,,word,produces,food_drink,thon,tuna,,
item_147,,word,produces,food_drink,toast,toast,,
item_148,,word,produces,food_drink,vanille,vanilla,,
item_149,,word,produces,food_drink,viande,meat,,
item_150,,word,produces,food_drink,vitamine,vitamin,,
item_151,,word,produces,food_drink,yogourt,yogurt,,
item_152,,word,produces,clothing,bas,low,,
item_153,,word,produces,clothing,bavette,bib,,
item_154,,word,produces,clothing,bottes,boots,,
item_155,,word,produces,clothing,bouton,button,,
item_156,,word,produces,clothing,ceinture,belt,,
item_157,,word,produces,clothing,chandail,sweater,,
item_158,,word,produces,clothing,chapeau,hat,,
item_159,,word,produces,clothing,chemise,shirt,,
item_160,,word,produces,clothing,collants,tights,,
item_161,,word,produces,clothing,collier,necklace,,
item_162,,word,produces,clothing,couche,layer,,
item_163,,word,produces,clothing,espadrille ,sandal,,
item_164,,word,produces,clothing,foulard,scarf,,
item_165,,word,produces,clothing,gants,gloves,,
item_166,,word,produces,clothing,habit de neige,snowsuit,,
item_167,,word,produces,clothing,jeans,jeans,,
item_168,,word,produces,clothing,manteau,coat,,
item_169,,word,produces,clothing,mitaine,mitt,,
item_170,,word,produces,clothing,pantalons,pants,,
item_171,,word,produces,clothing,pantoufle,slipper,,
item_172,,word,produces,clothing,perles/boules,beads / balls,,
item_173,,word,produces,clothing,petite culotte,panties,,
item_174,,word,produces,clothing,pyjama,pajamas,,
item_175,,word,produces,clothing,robe,dress,,
item_176,,word,produces,clothing,shorts,shorts,,
item_177,,word,produces,clothing,soulier,shoe,,
item_178,,word,produces,clothing,zip/fermeture éclair,zip / zipper,,
item_179,,word,produces,body_parts,bedaine/ventre,belly / belly,,
item_180,,word,produces,body_parts,bobo,hurts,,
item_181,,word,produces,body_parts,bouche,mouth,,
item_182,,word,produces,body_parts,bras,arms,,
item_183,,word,produces,body_parts,cheveux,hair,,
item_184,,word,produces,body_parts,dent,tooth,,
item_185,,word,produces,body_parts,doigt,finger,,
item_186,,word,produces,body_parts,épaule,shoulder,,
item_187,,word,produces,body_parts,fesses,buttocks,,
item_188,,word,produces,body_parts,genou,knee,,
item_189,,word,produces,body_parts,jambe,leg,,
item_190,,word,produces,body_parts,joue,cheek,,
item_191,,word,produces,body_parts,langue,tongue,,
item_192,,word,produces,body_parts,lèvres,lips,,
item_193,,word,produces,body_parts,main,hand,,
item_194,,word,produces,body_parts,menton,chin,,
item_195,,word,produces,body_parts,moustache,mustache,,
item_196,,word,produces,body_parts,nez,nose,,
item_197,,word,produces,body_parts,nombril,belly button,,
item_198,,word,produces,body_parts,oreille,hear,,
item_199,,word,produces,body_parts,orteil,toe,,
item_200,,word,produces,body_parts,pénis,penis,,
item_201,,word,produces,body_parts,pied,foot,,
item_202,,word,produces,body_parts,tête,head,,
item_203,,word,produces,body_parts,vagin vulve,vagina ,,
item_204,,word,produces,body_parts,visage,face,,
item_205,,word,produces,body_parts,yeux,eyes,,
item_206,,word,produces,household,argent,money,,
item_207,,word,produces,household,aspirateur,vacuum,,
item_208,,word,produces,household,assiette,plate,,
item_209,,word,produces,household,balai,broom,,
item_210,,word,produces,household,boîte,box,,
item_211,,word,produces,household,bol,bowl,,
item_212,,word,produces,household,bouteille,bottle,,
item_213,,word,produces,household,brosse,brush,,
item_214,,word,produces,household,brosse à dents,toothbrush,,
item_215,,word,produces,household,caméra,camera,,
item_216,,word,produces,household,ciseaux,scissors,,
item_217,,word,produces,household,clés,keys,,
item_218,,word,produces,household,clou,nail,,
item_219,,word,produces,household,couteau,knife,,
item_220,,word,produces,household,couverte/couverture,blanket,,
item_221,,word,produces,household,cuillère,spoon,,
item_222,,word,produces,household,fourchette,fork,,
item_223,,word,produces,household,horloge,clock,,
item_224,,word,produces,household,image,picture,,
item_225,,word,produces,household,lampe,lamp,,
item_226,,word,produces,household,lumière,light,,
item_227,,word,produces,household,lunettes,glasses,,
item_228,,word,produces,household,marteau,hammer,,
item_229,,word,produces,household,médicament,drug,,
item_230,,word,produces,household,montre,watch,,
item_231,,word,produces,household,mouchoir/kleenex,handkerchief / Kleenex,,
item_232,,word,produces,household,oreiller,pillow,,
item_233,,word,produces,household,panier,basket,,
item_234,,word,produces,household,papier,paper,,
item_235,,word,produces,household,peigne,comb,,
item_236,,word,produces,household,photo,Photo,,
item_237,,word,produces,household,plante,plant,,
item_238,,word,produces,household,plat,dish,,
item_239,,word,produces,household,pot,pot,,
item_240,,word,produces,household,poubelle,trash can,,
item_241,,word,produces,household,radio,radio,,
item_242,,word,produces,household,ruban,ribbon,,
item_243,,word,produces,household,sacoche/sac à main,bag / purse,,
item_244,,word,produces,household,savon,soap,,
item_245,,word,produces,household,seau,bucket,,
item_246,,word,produces,household,serviette,towel,,
item_247,,word,produces,household,serviette de table,table napkin,,
item_248,,word,produces,household,sou,Sun,,
item_249,,word,produces,household,tasse,Cup,,
item_250,,word,produces,household,téléphone,phone,,
item_251,,word,produces,household,verre,glass,,
item_252,,word,produces,household,vidanges,sewage,,
item_253,,word,produces,furniture_rooms,bain,bath,,
item_254,,word,produces,furniture_rooms,banc,bench,,
item_255,,word,produces,furniture_rooms,bassinette/berceau,bassinet / cradle,,
item_256,,word,produces,furniture_rooms,chaise,chair,,
item_257,,word,produces,furniture_rooms,chaise berçante,rocking chair,,
item_258,,word,produces,furniture_rooms,chaise haute,high chair,,
item_259,,word,produces,furniture_rooms,chambre,bedroom,,
item_260,,word,produces,furniture_rooms,cuisine,kitchen room,,
item_261,,word,produces,furniture_rooms,divan/sofa,couch / sofa,,
item_262,,word,produces,furniture_rooms,douche,shower,,
item_263,,word,produces,furniture_rooms,entrée,Entrance,,
item_264,,word,produces,furniture_rooms,escalier,staircase,,
item_265,,word,produces,furniture_rooms,évier/lavabo,sink / sink,,
item_266,,word,produces,furniture_rooms,fenêtre,window,,
item_267,,word,produces,furniture_rooms,four,oven,,
item_268,,word,produces,furniture_rooms,foyer,home,,
item_269,,word,produces,furniture_rooms,frigidaire/frigo,fridge / refrigerator,,
item_270,,word,produces,furniture_rooms,garage,garage,,
item_271,,word,produces,furniture_rooms,garde-robe,wardrobe,,
item_272,,word,produces,furniture_rooms,laveuse,washer,,
item_273,,word,produces,furniture_rooms,lit,bed,,
item_274,,word,produces,furniture_rooms,marche,market,,
item_275,,word,produces,furniture_rooms,parc (d'enfant),Park (for children),,
item_276,,word,produces,furniture_rooms,pièce,piece,,
item_277,,word,produces,furniture_rooms,poêle,stove,,
item_278,,word,produces,furniture_rooms,porte,door,,
item_279,,word,produces,furniture_rooms,pot,pot,,
item_280,,word,produces,furniture_rooms,salle de bain/toilette,bathroom / toilet,,
item_281,,word,produces,furniture_rooms,salon,living room,,
item_282,,word,produces,furniture_rooms,sécheuse,dryer,,
item_283,,word,produces,furniture_rooms,sous-sol,subsoil,,
item_284,,word,produces,furniture_rooms,table,table,,
item_285,,word,produces,furniture_rooms,télévision,television,,
item_286,,word,produces,furniture_rooms,tiroir,drawer,,
item_287,,word,produces,outside,arbre,tree,,
item_288,,word,produces,outside,arrosoir,watering can,,
item_289,,word,produces,outside,balançoire,swing,,
item_290,,word,produces,outside,bâton,stick,,
item_291,,word,produces,outside,bonhomme de neige,snowman,,
item_292,,word,produces,outside,ciel,sky,,
item_293,,word,produces,outside,cour,court,,
item_294,,word,produces,outside,drapeau,flag,,
item_295,,word,produces,outside,eau,water,,
item_296,,word,produces,outside,échelle,ladder,,
item_297,,word,produces,outside,étoile,star,,
item_298,,word,produces,outside,fleur,flower,,
item_299,,word,produces,outside,gazon,grass,,
item_300,,word,produces,outside,glissoire,slide,,
item_301,,word,produces,outside,jardin,garden,,
item_302,,word,produces,outside,lune,Moon,,
item_303,,word,produces,outside,neige,snow,,
item_304,,word,produces,outside,nuage,cloud,,
item_305,,word,produces,outside,pelle,shovel,,
item_306,,word,produces,outside,pierre,rock,,
item_307,,word,produces,outside,piscine,swimming pool,,
item_308,,word,produces,outside,pluie,rain,,
item_309,,word,produces,outside,roche,rock,,
item_310,,word,produces,outside,roue,wheel,,
item_311,,word,produces,outside,rue,street,,
item_312,,word,produces,outside,sable,sand,,
item_313,,word,produces,outside,soleil,Sun,,
item_314,,word,produces,outside,toit,roof,,
item_315,,word,produces,outside,tondeuse,mower,,
item_316,,word,produces,outside,trottoir,pavement,,
item_317,,word,produces,outside,tuyau/boyau,pipe / hose,,
item_318,,word,produces,outside,vent,wind,,
item_319,,word,produces,outside,véranda/balcon,verandah / balcony,,
item_320,,word,produces,places,campagne,campaign,,
item_321,,word,produces,places,camping,camping,,
item_322,,word,produces,places,chez nous,home,,
item_323,,word,produces,places,cirque,circus,,
item_324,,word,produces,places,dehors,outside,,
item_325,,word,produces,places,école,school,,
item_326,,word,produces,places,église,church,,
item_327,,word,produces,places,ferme,closed,,
item_328,,word,produces,places,fête,Party,,
item_329,,word,produces,places,forêt,forest,,
item_330,,word,produces,places,garage (essence),Garage (petrol),,
item_331,,word,produces,places,magasin,shop,,
item_332,,word,produces,places,maison,House,,
item_333,,word,produces,places,parc,Park,,
item_334,,word,produces,places,pique-nique,picnic,,
item_335,,word,produces,places,plage,beach,,
item_336,,word,produces,places,terrain de jeu,playing field,,
item_337,,word,produces,places,travail/bureau,work / office,,
item_338,,word,produces,places,zoo,zoo,,
item_339,,word,produces,people,ami,friend,,
item_340,,word,produces,people,bébé,baby,,
item_341,,word,produces,people,bonhomme,fellow,,
item_342,,word,produces,people,clown,clown,,
item_343,,word,produces,people,cowboy,cowboy,,
item_344,,word,produces,people,docteur,doctor,,
item_345,,word,produces,people,enfant,child,,
item_346,,word,produces,people,facteur,postman,,
item_347,,word,produces,people,fille,girl,,
item_348,,word,produces,people,frère,brother,,
item_349,,word,produces,people,garçon,boy,,
item_350,,word,produces,people,gardienne,guardian,,
item_351,,word,produces,people,gens/monde,people / world,,
item_352,,word,produces,people,grand-maman,grandma,,
item_353,,word,produces,people,grand-papa,Grandpa,,
item_354,,word,produces,people,madame,Mrs,,
item_355,,word,produces,people,maman,mom,,
item_356,,word,produces,people,monsieur,gentleman,,
item_357,,word,produces,people,nom animal domestique,pet name,,
item_358,,word,produces,people,nom gardien(ne),guardian name,,
item_359,,word,produces,people,oncle/mononcle,uncle / my uncle,,
item_360,,word,produces,people,papa,dad,,
item_361,,word,produces,people,personne,no one,,
item_362,,word,produces,people,police,police,,
item_363,,word,produces,people,pompier,firefighter,,
item_364,,word,produces,people,professeur(e),Professor ,,
item_365,,word,produces,people,sœur,sister,,
item_366,,word,produces,people,son propre nom,his/her own name,,
item_367,,word,produces,people,tante/matante,aunt / aunt,,
item_368,,word,produces,games_routines,aller au magasin,go to the store,,
item_369,,word,produces,games_routines,allô,Hello,,
item_370,,word,produces,games_routines,bain,Bath,,
item_371,,word,produces,games_routines,bonjour,Hello,,
item_372,,word,produces,games_routines,bonne nuit,good night,,
item_373,,word,produces,games_routines,bravo,Bravo,,
item_374,,word,produces,games_routines,bye/au revoir,bye / bye,,
item_375,,word,produces,games_routines,chut,hush,,
item_376,,word,produces,games_routines,collation,sorting,,
item_377,,word,produces,games_routines,coucou,Hello,,
item_378,,word,produces,games_routines,déjeuner,lunch,,
item_379,,word,produces,games_routines,dîner,having dinner,,
item_380,,word,produces,games_routines,dodo,nap,,
item_381,,word,produces,games_routines,donne moi/tape dedans,gives me / tape in,,
item_382,,word,produces,games_routines,faire caca/faire pipi,poop / pee,,
item_383,,word,produces,games_routines,faire le tour de la maison,go around the house,,
item_384,,word,produces,games_routines,gros comme ça,this big,,
item_385,,word,produces,games_routines,je te tiens par la barbichette,I hold you by the goatee,,
item_386,,word,produces,games_routines,j'vais t'attraper,I'm gonna catch you,,
item_387,,word,produces,games_routines,menouche menouche,menouche menouche,,
item_388,,word,produces,games_routines,merci,thank you,,
item_389,,word,produces,games_routines,non,no,,
item_390,,word,produces,games_routines,okay,okay,,
item_391,,word,produces,games_routines,oui,Yes,,
item_392,,word,produces,games_routines,parler (au téléphone),talk (on the phone),,
item_393,,word,produces,games_routines,retourne-toi,turn around,,
item_394,,word,produces,games_routines,s'il-vous-plaît,please,,
item_395,,word,produces,games_routines,souper,supper,,
item_396,,word,produces,games_routines,tape tape,tape tape,,
item_397,,word,produces,action_words,acheter,buy,,
item_398,,word,produces,action_words,aider,help,,
item_399,,word,produces,action_words,aimer,like,,
item_400,,word,produces,action_words,aller,go,,
item_401,,word,produces,action_words,allumer,light up,,
item_402,,word,produces,action_words,amener,lead,,
item_403,,word,produces,action_words,applaudir,applaud,,
item_404,,word,produces,action_words,apporter,to bring,,
item_405,,word,produces,action_words,arrêter,Stop,,
item_406,,word,produces,action_words,arroser,water,,
item_407,,word,produces,action_words,asseoir,seat,,
item_408,,word,produces,action_words,attacher,to attach,,
item_409,,word,produces,action_words,attendre,expect,,
item_410,,word,produces,action_words,attraper,to catch,,
item_411,,word,produces,action_words,avoir,to have,,
item_412,,word,produces,action_words,balancer,swing,,
item_413,,word,produces,action_words,balayer,sweep,,
item_414,,word,produces,action_words,bercer,rock,,
item_415,,word,produces,action_words,boire,to drink,,
item_416,,word,produces,action_words,brasser,brew,,
item_417,,word,produces,action_words,briser/casser,break / break,,
item_418,,word,produces,action_words,brosser,brush,,
item_419,,word,produces,action_words,cacher,hide,,
item_420,,word,produces,action_words,chanter,sing,,
item_421,,word,produces,action_words,chatouiller,tickle,,
item_422,,word,produces,action_words,chercher,look for,,
item_423,,word,produces,action_words,choisir,to choose,,
item_424,,word,produces,action_words,cogner (à),knock (at),,
item_425,,word,produces,action_words,coller,paste,,
item_426,,word,produces,action_words,conduire,drive,,
item_427,,word,produces,action_words,construire/bâtir,construct / build,,
item_428,,word,produces,action_words,couper,cut,,
item_429,,word,produces,action_words,courir,run,,
item_430,,word,produces,action_words,couvrir,cover,,
item_431,,word,produces,action_words,cracher,to spit,,
item_432,,word,produces,action_words,danser,dance,,
item_433,,word,produces,action_words,débarquer,land,,
item_434,,word,produces,action_words,déchirer,tear,,
item_435,,word,produces,action_words,descendre,go down,,
item_436,,word,produces,action_words,dessiner,draw,,
item_437,,word,produces,action_words,dire,say,,
item_438,,word,produces,action_words,donner,give,,
item_439,,word,produces,action_words,dormir,to sleep,,
item_440,,word,produces,action_words,échapper,escape,,
item_441,,word,produces,action_words,écouter,listen,,
item_442,,word,produces,action_words,écrire,to write,,
item_443,,word,produces,action_words,embarquer,embark,,
item_444,,word,produces,action_words,embrasser,to kiss,,
item_445,,word,produces,action_words,enlever,to take off,,
item_446,,word,produces,action_words,entendre,hear,,
item_447,,word,produces,action_words,essayer,try,,
item_448,,word,produces,action_words,essuyer,wipe,,
item_449,,word,produces,action_words,être,be,,
item_450,,word,produces,action_words,faire,make,,
item_451,,word,produces,action_words,fermer,to close,,
item_452,,word,produces,action_words,finir,finish,,
item_453,,word,produces,action_words,glisser,slip,,
item_454,,word,produces,action_words,goûter,to taste,,
item_455,,word,produces,action_words,grimper,to climb,,
item_456,,word,produces,action_words,jeter,throw,,
item_457,,word,produces,action_words,jouer,to play,,
item_458,,word,produces,action_words,lancer,launch,,
item_459,,word,produces,action_words,laver,Wash,,
item_460,,word,produces,action_words,lécher,lick,,
item_461,,word,produces,action_words,lire,read,,
item_462,,word,produces,action_words,manger,eat,,
item_463,,word,produces,action_words, marcher,walk,,
item_464,,word,produces,action_words,mettre,to put,,
item_465,,word,produces,action_words,monter (à cheval...),Ride a horse...,,
item_466,,word,produces,action_words,montrer,show,,
item_467,,word,produces,action_words,mordre,bite,,
item_468,,word,produces,action_words,nager,swim,,
item_469,,word,produces,action_words,nettoyer,clean,,
item_470,,word,produces,action_words,ouvrir,open,,
item_471,,word,produces,action_words,parler,speak,,
item_472,,word,produces,action_words,partager,share,,
item_473,,word,produces,action_words,patiner,skate,,
item_474,,word,produces,action_words,peinturer,painting,,
item_475,,word,produces,action_words,penser,think,,
item_476,,word,produces,action_words,pleurer,cry,,
item_477,,word,produces,action_words,pousser,push,,
item_478,,word,produces,action_words,pouvoir,power,,
item_479,,word,produces,action_words,prendre,take,,
item_480,,word,produces,action_words,ramasser,to pick up,,
item_481,,word,produces,action_words,ranger,tidy,,
item_482,,word,produces,action_words,regarder,watch,,
item_483,,word,produces,action_words,renverser,overthrow,,
item_484,,word,produces,action_words,réparer,to repair,,
item_485,,word,produces,action_words,rester,stay,,
item_486,,word,produces,action_words,réveiller,wake,,
item_487,,word,produces,action_words,sauter,jump,,
item_488,,word,produces,action_words,sécher,dry,,
item_489,,word,produces,action_words,se dépêcher,to hurry up,,
item_490,,word,produces,action_words,souffler,blow,,
item_491,,word,produces,action_words,sourire,smile,,
item_492,,word,produces,action_words,surveiller,monitor,,
item_493,,word,produces,action_words,taper,type,,
item_494,,word,produces,action_words,tenir,hold,,
item_495,,word,produces,action_words,tirer,shoot,,
item_496,,word,produces,action_words,tomber,fall,,
item_497,,word,produces,action_words,toucher,to touch,,
item_498,,word,produces,action_words,tourner,turn,,
item_499,,word,produces,action_words,transporter,carry,,
item_500,,word,produces,action_words,travailler,to work,,
item_501,,word,produces,action_words,trouver,find,,
item_502,,word,produces,action_words,venir,come,,
item_503,,word,produces,action_words,verser,pay,,
item_504,,word,produces,action_words,voir,see,,
item_505,,word,produces,action_words,vouloir,want to,,
item_506,,word,produces,descriptive_words,(avoir) mal,(Have) bad,,
item_507,,word,produces,descriptive_words,beau/belle,handsome / beautiful,,
item_508,,word,produces,descriptive_words,bien,good,,
item_509,,word,produces,descriptive_words,blanc,White,,
item_510,,word,produces,descriptive_words,bleu,blue,,
item_511,,word,produces,descriptive_words,bon,good,,
item_512,,word,produces,descriptive_words,brisé/cassé,broken / broken,,
item_513,,word,produces,descriptive_words,brun,brown,,
item_514,,word,produces,descriptive_words,capable,able,,
item_515,,word,produces,descriptive_words,chaud,hot,,
item_516,,word,produces,descriptive_words,collant,tights,,
item_517,,word,produces,descriptive_words,content,happy,,
item_518,,word,produces,descriptive_words,debout,standing,,
item_519,,word,produces,descriptive_words,dégueulasse,disgusting,,
item_520,,word,produces,descriptive_words,dernier,latest,,
item_521,,word,produces,descriptive_words,doux,soft,,
item_522,,word,produces,descriptive_words,dur,hard,,
item_523,,word,produces,descriptive_words,endormi,sleeping,,
item_524,,word,produces,descriptive_words,fâché,angry,,
item_525,,word,produces,descriptive_words,faim,hunger,,
item_526,,word,produces,descriptive_words,fatigué,tired,,
item_527,,word,produces,descriptive_words,fini,finished,,
item_528,,word,produces,descriptive_words,fort,fort,,
item_529,,word,produces,descriptive_words,froid,cold,,
item_530,,word,produces,descriptive_words,gentil,nice,,
item_531,,word,produces,descriptive_words,gros/grand,big tall,,
item_532,,word,produces,descriptive_words,haut,top,,
item_533,,word,produces,descriptive_words,jaune,yellow,,
item_534,,word,produces,descriptive_words,joli,pretty,,
item_535,,word,produces,descriptive_words,long,long,,
item_536,,word,produces,descriptive_words,lourd,heavy,,
item_537,,word,produces,descriptive_words,mal,wrong,,
item_538,,word,produces,descriptive_words,malade,sick,,
item_539,,word,produces,descriptive_words,mieux,better,,
item_540,,word,produces,descriptive_words,mignon/cute,cute / cute,,
item_541,,word,produces,descriptive_words,mouillé,wet,,
item_542,,word,produces,descriptive_words,noir,black,,
item_543,,word,produces,descriptive_words,nouveau,new,,
item_544,,word,produces,descriptive_words,orange,orange,,
item_545,,word,produces,descriptive_words,parti,left,,
item_546,,word,produces,descriptive_words,pauvre,poor,,
item_547,,word,produces,descriptive_words,petit,small,,
item_548,,word,produces,descriptive_words,peur,fear,,
item_549,,word,produces,descriptive_words,plein,full,,
item_550,,word,produces,descriptive_words,premier,first,,
item_551,,word,produces,descriptive_words,pris,taken,,
item_552,,word,produces,descriptive_words,propre,clean,,
item_553,,word,produces,descriptive_words,réveillé,wake up,,
item_554,,word,produces,descriptive_words,rond,round,,
item_555,,word,produces,descriptive_words,rouge,red,,
item_556,,word,produces,descriptive_words,sale,dirty,,
item_557,,word,produces,descriptive_words,sec,dry,,
item_558,,word,produces,descriptive_words,soif,thirst,,
item_559,,word,produces,descriptive_words,tannant/méchant,annoying / mean,,
item_560,,word,produces,descriptive_words,tranquille,quiet,,
item_561,,word,produces,descriptive_words,triste / (avoir)peine,sad / (have) trouble,,
item_562,,word,produces,descriptive_words,vert,green,,
item_563,,word,produces,descriptive_words,vide,empty,,
item_564,,word,produces,descriptive_words,vieux,old,,
item_565,,word,produces,descriptive_words,vite,quick,,
item_566,,word,produces,time_words,après,after,,
item_567,,word,produces,time_words,aujourd'hui,today,,
item_568,,word,produces,time_words,avant,before,,
item_569,,word,produces,time_words,bientôt,soon,,
item_570,,word,produces,time_words,ce soir,tonight,,
item_571,,word,produces,time_words,demain,tomorrow,,
item_572,,word,produces,time_words,heure,hour,,
item_573,,word,produces,time_words,hier,yesterday,,
item_574,,word,produces,time_words,jour,day,,
item_575,,word,produces,time_words,maintenant,now,,
item_576,,word,produces,time_words,matin,morning,,
item_577,,word,produces,time_words,nuit,night,,
item_578,,word,produces,time_words,plus tard,later,,
item_579,,word,produces,time_words,tantôt,sometimes,,
item_580,,word,produces,time_words,tout à l'heure,see you later,,
item_581,,word,produces,pronouns,à eux,their,,
item_582,,word,produces,pronouns,à lui,his,,
item_583,,word,produces,pronouns,à moi,to me,,
item_584,,word,produces,pronouns,à nous,ours,,
item_585,,word,produces,pronouns,à toi,yours,,
item_586,,word,produces,pronouns,à vous,to you,,
item_587,,word,produces,pronouns,ça,it,,
item_588,,word,produces,pronouns,ce,this,,
item_589,,word,produces,pronouns,celui-là,that one,,
item_590,,word,produces,pronouns,elle,she,,
item_591,,word,produces,pronouns,elles,they,,
item_592,,word,produces,pronouns,il,he,,
item_593,,word,produces,pronouns,ils,they,,
item_594,,word,produces,pronouns,je,I,,
item_595,,word,produces,pronouns,le mien,mine,,
item_596,,word,produces,pronouns,le tien,yours,,
item_597,,word,produces,pronouns,lui,him,,
item_598,,word,produces,pronouns,me,Moi,,
item_599,,word,produces,pronouns,moi,me,,
item_600,,word,produces,pronouns,mon,my,,
item_601,,word,produces,pronouns,nous,we,,
item_602,,word,produces,pronouns,nôtre/nos,ours / our,,
item_603,,word,produces,pronouns,on,we,,
item_604,,word,produces,pronouns,son,his,,
item_605,,word,produces,pronouns,toi,you,,
item_606,,word,produces,pronouns,ton,your,,
item_607,,word,produces,pronouns,tu,you,,
item_608,,word,produces,pronouns,vous,you,,
item_609,,word,produces,question_words,comment,how,,
item_610,,word,produces,question_words,lequel/laquelle,which / that,,
item_611,,word,produces,question_words,où,or,,
item_612,,word,produces,question_words,pourquoi,Why,,
item_613,,word,produces,question_words,quand,when,,
item_614,,word,produces,question_words,quel,what,,
item_615,,word,produces,question_words,qui,who,,
item_616,,word,produces,question_words,quoi,what,,
item_617,,word,produces,locations,à,at,,
item_618,,word,produces,locations,à côté de,next to,,
item_619,,word,produces,locations,à terre/par terre,ground / ground,,
item_620,,word,produces,locations,au-dessus,above,,
item_621,,word,produces,locations,autour,around,,
item_622,,word,produces,locations,avec,with,,
item_623,,word,produces,locations,comme,as,,
item_624,,word,produces,locations,dans,in,,
item_625,,word,produces,locations,de,of,,
item_626,,word,produces,locations,de l'autre côté,on the other side,,
item_627,,word,produces,locations,devant/en avant,front / forward,,
item_628,,word,produces,locations,en,in,,
item_629,,word,produces,locations,en arrière,backward,,
item_630,,word,produces,locations,en bas,below,,
item_631,,word,produces,locations,en dehors,outside,,
item_632,,word,produces,locations,en haut,up,,
item_633,,word,produces,locations,ici,right here,,
item_634,,word,produces,locations,là/là-bas,here / there,,
item_635,,word,produces,locations,loin,far,,
item_636,,word,produces,locations,par,a pair,,
item_637,,word,produces,locations,par-dessus,par-dessus,,
item_638,,word,produces,locations,pour,pour,,
item_639,,word,produces,locations,sous/en-dessous,underneath,,
item_640,,word,produces,locations,sur,on ,,
item_641,,word,produces,locations,y,there,,
item_642,,word,produces,quantifiers,autre,other,,
item_643,,word,produces,quantifiers,beaucoup,a lot,,
item_644,,word,produces,quantifiers,de/du,each of /,,
item_645,,word,produces,quantifiers,des,of the,,
item_646,,word,produces,quantifiers,encore,again,,
item_647,,word,produces,quantifiers,le/la,"the, the",,
item_648,,word,produces,quantifiers,même,even,,
item_649,,word,produces,quantifiers,pareil,the same,,
item_650,,word,produces,quantifiers,pas,not,,
item_651,,word,produces,quantifiers,plus,more,,
item_652,,word,produces,quantifiers,plusieurs,many,,
item_653,,word,produces,quantifiers,tout/toute,any / all,,
item_654,,word,produces,quantifiers,trop,too much,,
item_655,,word,produces,quantifiers,un/une,a a,,
item_656,,word,produces,quantifiers,un autre,another,,
item_657,,word,produces,quantifiers,un peu,a little,,
item_658,,word,produces,connecting_words,alors,so,,
item_659,,word,produces,connecting_words,aussi,also,,
item_660,,word,produces,connecting_words,et,and,,
item_661,,word,produces,connecting_words,mais,but,,
item_662,,word,produces,connecting_words,parce que,because,,
item_663,,word,produces,connecting_words,puis,then,,
item_664,,word,produces,connecting_words,si,if,,
item_665,,how_use_words,not yet; sometimes; often,,"Votre enfant parle-t-il d’événements passés ou de personnes qui ne sont pas présentes? Par exemple, si vous avez vu une parade ensemble la semaine dernière, lui arrive-t-il de vous en “parler” en mentionnant des mots comme “parade”, “clown”, etc.?",does your child ever talk about past events or people who are not present?,,
item_666,,how_use_words,not yet; sometimes; often,,"Votre enfant parle-t-il de choses qui se produiront plus tard? Par exemple, dirait-il “tchou tchou” ou “avion” avant de partir en voyage ou “balançoire” avant d’aller au parc?",does your child ever talk about something that's going to happen in the future?,,
item_667,,how_use_words,not yet; sometimes; often,,"Votre enfant parle-t-il d’objets qui ne sont pas présents? Par exemple, demande-t-il un jouet qui n’est pas là, mentionne-t-il un animal hors de son champ de vision ou une personne absente?",does your child talk a bout objects that are not present?,,
item_668,,how_use_words,not yet; sometimes; often,,"Votre enfant comprend-il quand vous lui demandez un objet qui n’est pas dans la même pièce? Par exemple, va-t-il dans sa chambre chercher son toutou lorsque vous dites “Où il est ton nounours?”",does your child understand if you ask for something that is not in the room?,,
item_669,,how_use_words,not yet; sometimes; often,,"Votre enfant pointe-t-il ou prend-il un objet en nommant une personne absente à qui appartient cet objet? Par exemple, lui arrive-t-il de montrer les souliers de sa maman en disant “maman”?",does your child ever pick up or point to an object and name an absent person to whom the object belongs?,,
item_670,,word_endings,produces,,aime,like,,
item_671,,word_endings,produces,,aimons,like,,
item_672,,word_endings,produces,,aimez,like,,
item_673,,word_endings,produces,,aimer,like,,
item_674,,word_endings,produces,,finis,finished,,
item_675,,word_endings,produces,,finissons ,finish,,
item_676,,word_endings,produces,,finissez,finish,,
item_677,,word_endings,produces,,finir,finish,,
item_678,,word_endings,produces,,veux,want,,
item_679,,word_endings,produces,,voulons,want ,,
item_680,,word_endings,produces,,voulez,want,,
item_681,,word_endings,produces,,vouloir,want ,,
item_682,,word_forms_verbs,produces,,va manger,go eat,,
item_683,,word_forms_verbs,produces,,mangerai,eat,,
item_684,,word_forms_verbs,produces,,fini,finished,,
item_685,,word_forms_verbs,produces,,a fini,has finished,,
item_686,,word_forms_verbs,produces,,finissais,finishing,,
item_687,,word_forms_verbs,produces,,mange,eat,,
item_688,,word_forms_verbs,produces,,finis,finished,,
item_689,,word_forms_verbs,produces,,viens,come,,
item_690,,word_forms_verbs,produces,,ai,have,,
item_691,,word_forms_verbs,produces,,as/a,as / a,,
item_692,,word_forms_verbs,produces,,avons,have,,
item_693,,word_forms_verbs,produces,,avez,have,,
item_694,,word_forms_verbs,produces,,ont,have,,
item_695,,word_forms_verbs,produces,,suis,am,,
item_696,,word_forms_verbs,produces,,es/est,is,,
item_697,,word_forms_verbs,produces,,sommes,are,,
item_698,,word_forms_verbs,produces,,êtes,are,,
item_699,,word_forms_verbs,produces,,sont,are,,
item_700,,word_forms_verbs,produces,,vais,am going to,,
item_701,,word_forms_verbs,produces,,vas/va,going / going,,
item_702,,word_forms_verbs,produces,,allons,will,,
item_703,,word_forms_verbs,produces,,allez,going,,
item_704,,word_forms_verbs,produces,,vont,will,,
item_705,,word_endings,yes; no,,"Votre enfant utilise-t-il la forme masculine et féminine d’un même adjectif (par ex. gros/grosse, beau/belle)?",Does your child use the masculine and feminine forms of the same word?,,
item_706,,combine,not yet; sometimes; often,,"Votre enfant a-t-il commencé à combiner des mots? Par exemple, dit-il des choses comme “papa parti” ou “encore jus”?","Has your child begun to combine words? For example, he says things like ""daddy party"" or ""more juice""?",,
item_707,C1,complexity,simple; complex,,Auto papa / Auto a papa,Dad Auto / Auto is dad's,,
item_708,C2,complexity,simple; complex,,Toutou bébé / Toutou au bébé.,Doggie baby / doggie to baby.,,
item_709,C3,complexity,simple; complex,,Fille maison / Fille dans maison,Daughter home / girl in home,,
item_710,C4,complexity,simple; complex,,Biscuit maman / Buiscuit pour maman,Cookie mom / Cookie for mom,,
item_711,C5,complexity,simple; complex,,Chien table / Chien sur (la) table,table dog / dog on (the) table,,
item_712,C6,complexity,simple; complex,,Encore biscuit / Encore des biscuits,Again biscuit / Again some cookies,,
item_713,C7,complexity,simple; complex,,"Donne pomme, maman / Donne une pomme, maman","Give apple, mom / Give an apple, mom",,
item_714,C8,complexity,simple; complex,,Papa parti / Papa est parti,Papa gone / dad is gone,,
item_715,C9,complexity,simple; complex,,Pelle Pascal / Pascal a une pelle,Pascal shovel / Pascal has a shovel,,
item_716,C10,complexity,simple; complex,,Belle ta robe / Ta robe est belle,Beautiful your dress / Your dress is beautiful,,
item_717,C11,complexity,simple; complex,,Ou maman? / Est ou maman?,Where Mom? / Is where mom?,,
item_718,C12,complexity,simple; complex,,Mon camion / C'est mon camion,My truck / This is my truck,,
item_719,C13,complexity,simple; complex,,Chat la / (Il) y a un chat,Cat here / Here's a cat,,
item_720,C14,complexity,simple; complex,,Lancer balle / Lance (la) balle,Throwing ball / Throw (the) ball,,
item_721,C15,complexity,simple; complex,,Pas laver poupée / Lave pas poupée,Not wash doll / Don't wash the doll,,
item_722,C16,complexity,simple; complex,,Encore jus / Veux d'autre jus,Again juice /want other juice,,
item_723,C17,complexity,simple; complex,,Regarder télé / Veux regarder télé,Watching TV / want to watch TV,,
item_724,C18,complexity,simple; complex,,Donner un bec / Veux donner un bec,Leave a beak / want to give a beak,,
item_725,C19,complexity,simple; complex,,Toi saute? / Peux-tu sauter?,You jump? / Can you jump?,,
item_726,C20,complexity,simple; complex,,Moi pas faire ça. / Moi peux pas faire ça.,I do that. / I can not do that.,,
item_727,C21,complexity,simple; complex,,Pipi dehors minou. / Minou fait pipi dehors,Pee outside kitty. / Kitty peed outside,,
item_728,C22,complexity,simple; complex,,Pas marcher la / Faut pas marcher la,Not walk there / Shouldn't walk there,,
item_729,C23,complexity,simple; complex,,Moi livre / Le livre a moi,Me Book / The book that's mine ,,
item_730,C24,complexity,simple; complex,,Mange une pomme / Je mange une pomme,Eating an apple / I eat an apple,,
item_731,C25,complexity,simple; complex,,La tête tombé. / Il (est) tombé sur la tête. ,The head fell. / He fell on his head.,,
item_732,C26,complexity,simple; complex,,Papa parti / Papa parti travailler,Papa left / dad left for work,,
item_733,C27,complexity,simple; complex,,Regarde-moi / Regarde-moi danser,Look at me / Look at me dancing,,
item_734,C28,complexity,simple; complex,,Donne cuillère. / Donne (la) cuillère pour manger,Give spoon. / Give (the) spoon to eat,,
item_735,C29,complexity,simple; complex,,Veux biscuits. / Veux biscuits et/pis lait.,Want biscuits. / Want biscuits and milk.,,
item_736,C30,complexity,simple; complex,,On a fait ça. / Sophie et/pis moi a fait ça.,We did that. / Sophie and me did this.,,
item_737,C31,complexity,simple; complex,,Je chante une chanson. / Je chante une chanson pour toi.,I sing a song. / I sing a song for you.,,
item_738,C32,complexity,simple; complex,,Pas lire le livre. / Veux pas tu lis le livre,Not read the book. / Don't  want you read the book,,
item_739,C33,complexity,simple; complex,,C’est maman chante. / C'est maman qui chante,It's mom sings. / It's Mom that's singing,,
item_740,C34,complexity,simple; complex,,Je veux lui. / Je veux lui que tu as.,I want him. / I want it what you have.,,
item_741,C35,complexity,simple; complex,,Regarde ça. / Regarde ce que j’ai.,Look at that. / Look what I have.,,
item_742,C36,complexity,simple; complex,,Bébé rit. / Bébé rit parce que content.,Baby laughs. / Baby laughs because happy.,,
item_743,C37,complexity,simple; complex,,Le chapeau de le monsieur. / Le chapeau du monsieur. ,The hat of the man. / The gentleman's hat.,,
item_744,D1,,,,Mon camion/Camino Simon,My truck / Truck (name of child),,
item_745,D2,,,,Moi sali / Simon sali,Me dirty / (name of child) dirty,,
item_746,D3,,,,Prends-moi / Prends Simon,Take me / Take (name of child),,
item_747,D4,,,,Veux jus / Simon jus,Want juice / (name of child) juice,,
item_748,D5,,,,Toi belle / Maman belle,You pretty / Mom pretty,,
item_749,D6,,,,Brosse les dents / Brosse dents maman,Brush teeth / Brush teeth Mom,,
item_750,D7,,,,Il dort / Le chat dort,He sleeps/ The cat sleeps,,
item_751,D8,,,,Ouvre-la / Ouvre la porte,Open up / Open the door,,
item_752,D9,,,,C'est chaud / La soupe est chaude ,It's hot / The soupe is hot,,
item_753,D10,,,,Pas faire ca / Pas laver cheveux,Don't dothat / Don't wash hair,,
item_754,D11,,,,Jus dedans / Jus dans tasse,Juice inside / Juice in cup,,
