"itemID","item","type","category","choices","definition","gloss","uni_lemma","complexity_category"
"item_1","am","word","sounds","understands; produces","¡am!","yum yum","yum yum",
"item_2","ay","word","sounds","understands; produces","¡ay!","ouch","ouch",
"item_3","beemee","word","sounds","understands; produces","bee/mee","baa baa","baa baa",
"item_4","cuacua","word","sounds","understands; produces","cuacuá","quack quack","quack quack",
"item_5","guagua","word","sounds","understands; produces","guaguá","woof woof","woof woof",
"item_6","miau","word","sounds","understands; produces","miau","meow","meow",
"item_7","muu","word","sounds","understands; produces","muu","moo","moo",
"item_8","piopio","word","sounds","understands; produces","pío pío","tweet tweet","tweet tweet",
"item_9","pipi","word","sounds","understands; produces","pipí (coche)","honk honk","honk honk",
"item_10","pum","word","sounds","understands; produces","¡pum!","bang","bang",
"item_11","qiqiriq","word","sounds","understands; produces","quiquiriquí","cockadoodledoo","cockadoodledoo",
"item_12","tutu","word","sounds","understands; produces","tutú","choo choo","choo choo",
"item_13","abeja","word","animals","understands; produces","abeja","bee","bee",
"item_14","animal","word","animals","understands; produces","animal","animal","animal",
"item_15","arana","word","animals","understands; produces","araña","spider","spider",
"item_16","ardilla","word","animals","understands; produces","ardilla","squirrel","squirrel",
"item_17","borrego","word","animals","understands; produces","borrego","lamb","lamb",
"item_18","buho","word","animals","understands; produces","búho","owl","owl",
"item_19","burro","word","animals","understands; produces","burro","donkey","donkey",
"item_20","caballo","word","animals","understands; produces","caballo","horse","horse",
"item_21","cabra","word","animals","understands; produces","cabra","goat","goat",
"item_22","conejo","word","animals","understands; produces","conejo","rabbit","bunny",
"item_23","elefant","word","animals","understands; produces","elefante","elephant","elephant",
"item_24","gallina","word","animals","understands; produces","gallina","hen","hen",
"item_25","gato","word","animals","understands; produces","gato","cat","cat",
"item_26","guajolo","word","animals","understands; produces","guajolote","turkey","turkey",
"item_27","hippotm","word","animals","understands; produces","hipopótamo","hippopotamus","hippopotamus",
"item_28","hormiga","word","animals","understands; produces","hormiga","ant","ant",
"item_29","jirafa","word","animals","understands; produces","jirafa","giraffe","giraffe",
"item_30","leon","word","animals","understands; produces","león","leon","lion",
"item_31","lobo","word","animals","understands; produces","lobo","wolf","wolf",
"item_32","maripos","word","animals","understands; produces","mariposa","butterfly","butterfly",
"item_33","mono","word","animals","understands; produces","mono","monkey","monkey",
"item_34","mosca","word","animals","understands; produces","mosca","fly","fly (animal)",
"item_35","oso","word","animals","understands; produces","oso","bear","bear",
"item_36","pajaro","word","animals","understands; produces","pájaro","bird","bird",
"item_37","pato","word","animals","understands; produces","pato","duck","duck",
"item_38","perro","word","animals","understands; produces","perro","dog","dog",
"item_39","pescado","word","animals","understands; produces","pescado","fish","fish (animal)",
"item_40","pinguin","word","animals","understands; produces","pingüino","penguin","penguin",
"item_41","pollito","word","animals","understands; produces","pollito","chick","chick",
"item_42","puerco","word","animals","understands; produces","puerco","pig","pig",
"item_43","rana","word","animals","understands; produces","rana","frog","frog",
"item_44","raton","word","animals","understands; produces","ratón","mouse","mouse",
"item_45","tigre","word","animals","understands; produces","tigre","tiger","tiger",
"item_46","tortuga","word","animals","understands; produces","tortuga","turtle","turtle",
"item_47","vaca","word","animals","understands; produces","vaca","cow","cow",
"item_48","venado","word","animals","understands; produces","venado","deer","deer",
"item_49","avion","word","vehicles","understands; produces","avión","airplane","airplane",
"item_50","barco","word","vehicles","understands; produces","barco","boat","ship",
"item_51","bicicle","word","vehicles","understands; produces","bicicleta","bicycle","bicycle",
"item_52","camibom","word","vehicles","understands; produces","camión de bomberos","firetruck","firetruck",
"item_53","camion","word","vehicles","understands; produces","camión/troca","truck","truck",
"item_54","carreol","word","vehicles","understands; produces","carreola","stroller","stroller",
"item_55","carro","word","vehicles","understands; produces","carro/coche","car","car",
"item_56","moto","word","vehicles","understands; produces","moto","motorcycle","motorcycle",
"item_57","tren","word","vehicles","understands; produces","tren","train","train",
"item_58","agua","word","food_drink","understands; produces","agua","water","water (beverage)",
"item_59","arroz","word","food_drink","understands; produces","arroz","rice","rice",
"item_60","atole","word","food_drink","understands; produces","atole","porridge","porridge",
"item_61","cafe","word","food_drink","understands; produces","café","coffee","coffee",
"item_62","carne","word","food_drink","understands; produces","carne","meat","meat",
"item_63","cereal","word","food_drink","understands; produces","cereal","cereal","cereal",
"item_64","chile","word","food_drink","understands; produces","chile","chili","chili",
"item_65","comida","word","food_drink","understands; produces","comida","food","food",
"item_66","dulce","word","food_drink","understands; produces","dulce","sweet candy","candy",
"item_67","frijole","word","food_drink","understands; produces","frijoles","beans","beans",
"item_68","galleta","word","food_drink","understands; produces","galleta","cookie","cookie",
"item_69","helado","word","food_drink","understands; produces","helado/nieve","ice cream","ice cream",
"item_70","huevo","word","food_drink","understands; produces","huevo","egg","egg",
"item_71","jamon","word","food_drink","understands; produces","jamón","ham","ham",
"item_72","jugo","word","food_drink","understands; produces","jugo","juice","juice",
"item_73","leche","word","food_drink","understands; produces","leche","milk","milk",
"item_74","manzana","word","food_drink","understands; produces","manzana","apple","apple",
"item_75","naranja","word","food_drink","understands; produces","naranja","orange (food)","orange (food)",
"item_76","paleta","word","food_drink","understands; produces","paleta","lollipop","lollipop",
"item_77","pan","word","food_drink","understands; produces","pan","bread","bread",
"item_78","pastel","word","food_drink","understands; produces","pastel","cake","cake",
"item_79","platano","word","food_drink","understands; produces","plátano/banana","banana","banana",
"item_80","pollo","word","food_drink","understands; produces","pollo","chicken (food)","chicken (food)",
"item_81","quesdil","word","food_drink","understands; produces","quesadilla","quesadilla","quesadilla",
"item_82","queso","word","food_drink","understands; produces","queso","cheese","cheese",
"item_83","salchch","word","food_drink","understands; produces","salchicha","hot dog","hot dog",
"item_84","soda","word","food_drink","understands; produces","soda/refresco","soda ","soda",
"item_85","sopa","word","food_drink","understands; produces","sopa","soup","noodles",
"item_86","tortila","word","food_drink","understands; produces","tortilla","tortilla","tortilla",
"item_87","uvas","word","food_drink","understands; produces","uvas","grapes","grapes",
"item_88","aretes","word","clothing","understands; produces","aretes","earrings","beads",
"item_89","babera","word","clothing","understands; produces","babero","bib","bib",
"item_90","botas","word","clothing","understands; produces","botas","boots","boots",
"item_91","boton","word","clothing","understands; produces","botón","button","button",
"item_92","calceti","word","clothing","understands; produces","calcetines","socks","sock",
"item_93","calzon","word","clothing","understands; produces","calzón","underwear","underwear",
"item_94","cierre","word","clothing","understands; produces","cierre","zipper","zipper",
"item_95","collar","word","clothing","understands; produces","collar","necklace","necklace",
"item_96","falda","word","clothing","understands; produces","falda","skirt","skirt",
"item_97","lentes","word","clothing","understands; produces","lentes","lenses","glasses",
"item_98","panal","word","clothing","understands; produces","pañal","diaper","diaper",
"item_99","pantalo","word","clothing","understands; produces","pantalón","pants","pants",
"item_100","pijama","word","clothing","understands; produces","pijama","pajamas","pajamas",
"item_101","playera","word","clothing","understands; produces","playera","shirt","shirt",
"item_102","shorts","word","clothing","understands; produces","shorts","shorts","shorts",
"item_103","sombrer","word","clothing","understands; produces","sombrero","hat","hat",
"item_104","sueter","word","clothing","understands; produces","suéter","sweater","sweater",
"item_105","vestido","word","clothing","understands; produces","vestido","dress","dress (object)",
"item_106","zapato","word","clothing","understands; produces","zapato","shoe","shoe",
"item_107","bigote","word","body_parts","understands; produces","bigote","moustache","moustache",
"item_108","boca","word","body_parts","understands; produces","boca","mouth","mouth",
"item_109","brazos","word","body_parts","understands; produces","brazos","arms","arm",
"item_110","cabeza","word","body_parts","understands; produces","cabeza","head","head",
"item_111","cachete","word","body_parts","understands; produces","cachete","cheek","cheek",
"item_112","cara","word","body_parts","understands; produces","cara","face","face",
"item_113","chichi","word","body_parts","understands; produces","chichi/pecho","breast","breast",
"item_114","dedos","word","body_parts","understands; produces","dedos","fingers","finger",
"item_115","dientes","word","body_parts","understands; produces","dientes","teeth","tooth",
"item_116","lengua","word","body_parts","understands; produces","lengua","language","tongue",
"item_117","manos1","word","body_parts","understands; produces","manos (body_parts)","hand","hand",
"item_118","nariz","word","body_parts","understands; produces","nariz","nose","nose",
"item_119","ojos","word","body_parts","understands; produces","ojos","eyes","eye",
"item_120","ombligo","word","body_parts","understands; produces","ombligo","belly button","belly button",
"item_121","orejas","word","body_parts","understands; produces","orejas","ears","ear",
"item_122","panza","word","body_parts","understands; produces","panza","belly","tummy",
"item_123","pelo","word","body_parts","understands; produces","pelo","hair","hair",
"item_124","piernas","word","body_parts","understands; produces","piernas","legs","leg",
"item_125","pies","word","body_parts","understands; produces","pies","feet","foot",
"item_126","rodilla","word","body_parts","understands; produces","rodilla","knee","knee",
"item_127","globo","word","toys","understands; produces","globo/bomba","air balloon","balloon",
"item_128","juguete","word","toys","understands; produces","juguete","toy (object)","toy (object)",
"item_129","lapiz","word","toys","understands; produces","lápiz","pencil","pen",
"item_130","libro","word","toys","understands; produces","libro","book","book",
"item_131","muneca","word","toys","understands; produces","muñeca","doll","doll",
"item_132","osito","word","toys","understands; produces","osito","teddy bear","teddybear",
"item_133","pelota","word","toys","understands; produces","pelota","ball","ball",
"item_134","tambor","word","toys","understands; produces","tambor","drum","drum",
"item_135","almohad","word","household","understands; produces","almohada","pillow","pillow",
"item_136","aspirdo","word","household","understands; produces","aspiradora","vacuum","vacuum",
"item_137","basura","word","household","understands; produces","basura","garbage can","trash",
"item_138","bolsa","word","household","understands; produces","bolsa","bag","purse",
"item_139","botlmam","word","household","understands; produces","botella/mamila","bottle","bottle",
"item_140","caja","word","household","understands; produces","caja","box","box",
"item_141","cepidnt","word","household","understands; produces","cepillo de dientes","toothbrush","toothbrush",
"item_142","cepillo","word","household","understands; produces","cepillo","brush","brush (object)",
"item_143","chupete","word","household","understands; produces","chupón/chupete","pacifier","pacifier",
"item_144","cigarrs","word","household","understands; produces","cigarros","cigarettes","cigarette",
"item_145","cobija","word","household","understands; produces","cobija","blanket","blanket",
"item_146","cuadro","word","household","understands; produces","cuadro","picture","picture",
"item_147","cuchara","word","household","understands; produces","cuchara","spoon","spoon",
"item_148","cuchill","word","household","understands; produces","cuchillo","knife","knife",
"item_149","dinero","word","household","understands; produces","dinero","money","money",
"item_150","escoba","word","household","understands; produces","escoba","broom","broom",
"item_151","espejo","word","household","understands; produces","espejo","mirror","mirror",
"item_152","fotos","word","household","understands; produces","fotos","photos","photos",
"item_153","jabon","word","household","understands; produces","jabón","soap","soap",
"item_154","llaves","word","household","understands; produces","llaves","keys","keys",
"item_155","luz","word","household","understands; produces","luz","light","light",
"item_156","martill","word","household","understands; produces","martillo","hammer","hammer",
"item_157","medicin","word","household","understands; produces","medicina","medicine","medicine",
"item_158","papel","word","household","understands; produces","papel","paper","paper",
"item_159","peine","word","household","understands; produces","peine","hair comb","comb (object)",
"item_160","plato","word","household","understands; produces","plato","dish","plate",
"item_161","radio","word","household","understands; produces","radio","radio","radio",
"item_162","reloj","word","household","understands; produces","reloj","watch","watch (object)",
"item_163","taza","word","household","understands; produces","taza","cup","cup",
"item_164","telefon","word","household","understands; produces","teléfono","telephone","telephone",
"item_165","tenedor","word","household","understands; produces","tenedor","fork","fork",
"item_166","tijeras","word","household","understands; produces","tijeras","scissors","scissors",
"item_167","toalla","word","household","understands; produces","toalla","towel","towel",
"item_168","trapo","word","household","understands; produces","trapo","cloth","cloth",
"item_169","vaso","word","household","understands; produces","vaso","glass","glass",
"item_170","vela","word","household","understands; produces","vela","candle","candle",
"item_171","bacinic","word","furniture_rooms","understands; produces","bacinica","potty","potty",
"item_172","bano","word","furniture_rooms","understands; produces","baño","bathroom","bathroom",
"item_173","cajon","word","furniture_rooms","understands; produces","cajón","drawer","drawer",
"item_174","cama","word","furniture_rooms","understands; produces","cama","bed","bed",
"item_175","cochera","word","furniture_rooms","understands; produces","cochera/garaje","garage","garage",
"item_176","cocina","word","furniture_rooms","understands; produces","cocina","kitchen","kitchen",
"item_177","cuarto","word","furniture_rooms","understands; produces","cuarto","room","room",
"item_178","cuna","word","furniture_rooms","understands; produces","cuna","crib","crib",
"item_179","escaler","word","furniture_rooms","understands; produces","escalera","stairs","stairs",
"item_180","estufa","word","furniture_rooms","understands; produces","estufa","stove","stove",
"item_181","horno","word","furniture_rooms","understands; produces","horno","oven","oven",
"item_182","lavabo","word","furniture_rooms","understands; produces","lavabo","sink","sink",
"item_183","mesa","word","furniture_rooms","understands; produces","mesa","table ","table",
"item_184","puerta","word","furniture_rooms","understands; produces","puerta","door","door",
"item_185","recamar","word","furniture_rooms","understands; produces","recámara","bedroom","bedroom",
"item_186","refrig","word","furniture_rooms","understands; produces","refrigerador","refrigerator","refrigerator",
"item_187","regader","word","furniture_rooms","understands; produces","regadera/ducha","shower","shower",
"item_188","ropero","word","furniture_rooms","understands; produces","ropero/closet","closet","closet",
"item_189","sala","word","furniture_rooms","understands; produces","sala","living room","living room",
"item_190","silla","word","furniture_rooms","understands; produces","silla","chair","chair",
"item_191","sofa","word","furniture_rooms","understands; produces","sofá","sofa","couch",
"item_192","televis","word","furniture_rooms","understands; produces","televisión","television","tv",
"item_193","tina","word","furniture_rooms","understands; produces","tina","tub","bathtub",
"item_194","ventana","word","furniture_rooms","understands; produces","ventana","window","window",
"item_195","albrpis","word","outside","understands; produces","alberca/piscina","pool","pool",
"item_196","arbol","word","outside","understands; produces","árbol","tree","tree",
"item_197","calle","word","outside","understands; produces","calle","street","street",
"item_198","campo","word","outside","understands; produces","campo","field","field",
"item_199","casa","word","outside","understands; produces","casa","home","house",
"item_200","cielo","word","outside","understands; produces","cielo","heaven","sky",
"item_201","columpi","word","outside","understands; produces","columpio","swing","swing (object)",
"item_202","escuela","word","outside","understands; produces","escuela","school","school",
"item_203","estrell","word","outside","understands; produces","estrella","stars","star",
"item_204","fiesta","word","outside","understands; produces","fiesta","party","party",
"item_205","flor","word","outside","understands; produces","flor","flower","flower",
"item_206","iglstmp","word","outside","understands; produces","iglesia/templo","church","church",
"item_207","jardin","word","outside","understands; produces","jardín","garden","garden",
"item_208","lluvia","word","outside","understands; produces","lluvia","rain","rain",
"item_209","luna","word","outside","understands; produces","luna","moon","moon",
"item_210","nieve","word","outside","understands; produces","nieve","snow","snow",
"item_211","nube","word","outside","understands; produces","nube","cloud","cloud",
"item_212","parque","word","outside","understands; produces","parque","park","park",
"item_213","piedra","word","outside","understands; produces","piedra","stone","rock (object)",
"item_214","planta","word","outside","understands; produces","planta","plant","plant",
"item_215","playa","word","outside","understands; produces","playa","beach","beach",
"item_216","resbald","word","outside","understands; produces","resbaladilla","slide","slide (object)",
"item_217","sol","word","outside","understands; produces","sol","sun","sun",
"item_218","techo","word","outside","understands; produces","techo","ceiling","roof",
"item_219","tienmer","word","outside","understands; produces","tienda/mercado","store","store",
"item_220","zoologi","word","outside","understands; produces","zoológico","zoo","zoo",
"item_221","abuela","word","people","understands; produces","abuela","grandmother","grandma",
"item_222","abuelo","word","people","understands; produces","abuelo","grandfather","grandpa",
"item_223","bebe","word","people","understands; produces","bebé","baby ","baby",
"item_224","familia","word","people","understands; produces","familia","family","family",
"item_225","hermana","word","people","understands; produces","hermana","sister","sister",
"item_226","hermano","word","people","understands; produces","hermano","brother","brother",
"item_227","madrina","word","people","understands; produces","madrina","godmother","godmother",
"item_228","maestra","word","people","understands; produces","maestra","teacher","teacher",
"item_229","mama","word","people","understands; produces","mamá/mami","mommy","mommy",
"item_230","nana","word","people","understands; produces","nana","babysitter","babysitter",
"item_231","nino","word","people","understands; produces","niño","boy","boy",
"item_232","nina","word","people","understands; produces","niña","girl","girl",
"item_233","nomnin","word","people","understands; produces","(nombre del niño/a)","child's own name","child's own name",
"item_234","padrino","word","people","understands; produces","padrino","godfather","godfather",
"item_235","papa","word","people","understands; produces","papá/papi","daddy","daddy",
"item_236","persona","word","people","understands; produces","persona","person","person",
"item_237","senor","word","people","understands; produces","señor","man","man",
"item_238","senora","word","people","understands; produces","señora","woman","woman",
"item_239","tia","word","people","understands; produces","tía","aunt","aunt",
"item_240","tio","word","people","understands; produces","tío","uncle","uncle",
"item_241","acerrin","word","games_routines","understands; produces","acerrín","sawdust (game)","row row your boat",
"item_242","adiosby","word","games_routines","understands; produces","adíos/byebye","bye bye","bye",
"item_243","besitos","word","games_routines","understands; produces","besitos","little kisses","kiss",
"item_244","buendia","word","games_routines","understands; produces","buenas día","good day","good morning",
"item_245","buennoc","word","games_routines","understands; produces","buenas noches","good night","good night",
"item_246","cosqlit","word","games_routines","understands; produces","cosquillitas","tickles","tickle",
"item_247","gracias","word","games_routines","understands; produces","gracias","thank you","thank you",
"item_248","hacerme","word","games_routines","understands; produces","hacer la meme","time to sleep","nap",
"item_249","hola","word","games_routines","understands; produces","hola","hi","hi",
"item_250","manos2","word","games_routines","understands; produces","manos (games_routines)","hands up (game)","hands up",
"item_251","no","word","games_routines","understands; produces","no","no","no",
"item_252","ojitos","word","games_routines","understands; produces","ojitos","eyes","look at me",
"item_253","porfavo","word","games_routines","understands; produces","por favor","please","please",
"item_254","salud","word","games_routines","understands; produces","¡salud!","bless you","bless you",
"item_255","shhh","word","games_routines","understands; produces","shh","shh","shh",
"item_256","si","word","games_routines","understands; produces","sí","yes","yes",
"item_257","tengman","word","games_routines","understands; produces","tengo manita","I have a little hand","have hands",
"item_258","tortlit","word","games_routines","understands; produces","tortillitas","pattycake","pattycake",
"item_259","unodstr","word","games_routines","understands; produces","uno dos tres","one two three","one two three",
"item_260","abrir","word","action_words","understands; produces","abrir","to open","open (action)",
"item_261","acabars","word","action_words","understands; produces","acabar(se)","finish","finish",
"item_262","apagar","word","action_words","understands; produces","apagar","shut down","turn off",
"item_263","apurar","word","action_words","understands; produces","apurar(se)","hurry","hurry",
"item_264","aventar","word","action_words","understands; produces","aventar","blow","throw",
"item_265","ayudar","word","action_words","understands; produces","ayudar","to help","help",
"item_266","bailar","word","action_words","understands; produces","bailar","to dance","dance",
"item_267","brincar","word","action_words","understands; produces","brincar","to hop","jump",
"item_268","caer","word","action_words","understands; produces","caer(se)","to fall","fall",
"item_269","caminar","word","action_words","understands; produces","caminar","walk","walk",
"item_270","cantar","word","action_words","understands; produces","cantar","to sing","sing",
"item_271","cenar","word","action_words","understands; produces","cenar","to have dinner","eat dinner",
"item_272","cerrar","word","action_words","understands; produces","cerrar","to close","close",
"item_273","comer","word","action_words","understands; produces","comer(se)","to eat","eat",
"item_274","correr","word","action_words","understands; produces","correr","run","run",
"item_275","dar","word","action_words","understands; produces","dar","to give","give",
"item_276","decir","word","action_words","understands; produces","decir","to say","say",
"item_277","desyuna","word","action_words","understands; produces","desayunar","to have breakfast","eat breakfast",
"item_278","dibujar","word","action_words","understands; produces","dibujar","to draw","draw",
"item_279","doler","word","action_words","understands; produces","doler","hurt","hurt (action)",
"item_280","dormir","word","action_words","understands; produces","dormir(se)","to sleep","sleep",
"item_281","empujar","word","action_words","understands; produces","empujar","push","push",
"item_282","ensenar","word","action_words","understands; produces","enseñar","to teach","show",
"item_283","escribi","word","action_words","understands; produces","escribir","wrote","write",
"item_284","esperse","word","action_words","understands; produces","esperar(se)","wait","wait",
"item_285","ir","word","action_words","understands; produces","ir(se)","go ","go",
"item_286","jugar","word","action_words","understands; produces","jugar","to play","play",
"item_287","lavar","word","action_words","understands; produces","lavar(se)","wash","wash",
"item_288","leer","word","action_words","understands; produces","leer","read","read",
"item_289","llevar","word","action_words","understands; produces","llevar(se)","carry","take",
"item_290","llorar","word","action_words","understands; produces","llorar","cry","cry",
"item_291","meterse","word","action_words","understands; produces","meter(se)","put ","put",
"item_292","mirar","word","action_words","understands; produces","mirar","to see","look",
"item_293","mojarse","word","action_words","understands; produces","mojar(se)","to wet","wet (action)",
"item_294","morder","word","action_words","understands; produces","morder","to bite","bite",
"item_295","parar","word","action_words","understands; produces","parar(se)","to stop","stop",
"item_296","pegar","word","action_words","understands; produces","pegar(se)","to hit","hit",
"item_297","peinars","word","action_words","understands; produces","peinar(se)","comb (action)","comb (action)",
"item_298","pintar","word","action_words","understands; produces","pintar","to paint","paint (action)",
"item_299","poder","word","action_words","understands; produces","poder","can","can (auxiliary)",
"item_300","poner","word","action_words","understands; produces","poner(se)","put","put",
"item_301","prender","word","action_words","understands; produces","prender","turn on","turn on",
"item_302","querer","word","action_words","understands; produces","querer","want to","wanna",
"item_303","romper","word","action_words","understands; produces","romper","to break","break",
"item_304","sacar","word","action_words","understands; produces","sacar","take out","take out",
"item_305","secarse","word","action_words","understands; produces","secar(se)","dry ","dry (action)",
"item_306","sentars","word","action_words","understands; produces","sentar(se)","sit","sit",
"item_307","soplar","word","action_words","understands; produces","soplar","to blow","blow",
"item_308","subir","word","action_words","understands; produces","subir","to get up","climb",
"item_309","tener","word","action_words","understands; produces","tener","to have","have",
"item_310","tirar","word","action_words","understands; produces","tirar","to throw","throw",
"item_311","tocar","word","action_words","understands; produces","tocar","to touch","touch",
"item_312","tomar","word","action_words","understands; produces","tomar(se)","to take","take",
"item_313","trabaja","word","action_words","understands; produces","trabajar","to work","work (action)",
"item_314","ver","word","action_words","understands; produces","ver","to see","see",
"item_315","estar","word","states","understands; produces","estar","be","be",
"item_316","ser","word","states","understands; produces","ser","be","be",
"item_317","ahorita","word","time_words","understands; produces","ahorita/ahora","now","now",
"item_318","ayer","word","time_words","understands; produces","ayer","yesterday","yesterday",
"item_319","despues","word","time_words","understands; produces","después","after ","after",
"item_320","dia","word","time_words","understands; produces","día","day","day",
"item_321","hoy","word","time_words","understands; produces","hoy","today","today",
"item_322","manana","word","time_words","understands; produces","mañana","tomorrow","tomorrow",
"item_323","noche","word","time_words","understands; produces","noche","night","night",
"item_324","tempran","word","time_words","understands; produces","temprano","early","early",
"item_325","amarill","word","descriptive_words","understands; produces","amarillo","yellow","yellow",
"item_326","azul","word","descriptive_words","understands; produces","azul","blue","blue",
"item_327","bonita","word","descriptive_words","understands; produces","bonita","pretty","pretty",
"item_328","calient","word","descriptive_words","understands; produces","caliente","hot","hot",
"item_329","cansado","word","descriptive_words","understands; produces","cansado","tired","tired",
"item_330","chico","word","descriptive_words","understands; produces","chico","little (description)","little (description)",
"item_331","content","word","descriptive_words","understands; produces","contento","happy","happy",
"item_332","cuidado","word","descriptive_words","understands; produces","cuidado","careful","careful",
"item_333","difernt","word","descriptive_words","understands; produces","diferente","different","different",
"item_334","dificil","word","descriptive_words","understands; produces","difícil","difficult","hard",
"item_335","enfermo","word","descriptive_words","understands; produces","enfermo","sick","sick",
"item_336","enojado","word","descriptive_words","understands; produces","enojado","angry","angry",
"item_337","feo","word","descriptive_words","understands; produces","feo","ugly","ugly",
"item_338","frio","word","descriptive_words","understands; produces","frío","cold","cold",
"item_339","fuchi","word","descriptive_words","understands; produces","fuchi","yucky","yucky",
"item_340","grande","word","descriptive_words","understands; produces","grande","great","big",
"item_341","guapo","word","descriptive_words","understands; produces","guapo","handsome","cute",
"item_342","hambre","word","descriptive_words","understands; produces","hambre","hunger","hungry",
"item_343","igual","word","descriptive_words","understands; produces","igual","equal","same",
"item_344","limpio","word","descriptive_words","understands; produces","limpio","clean","clean (description)",
"item_345","lleno","word","descriptive_words","understands; produces","lleno","full","full",
"item_346","malo","word","descriptive_words","understands; produces","malo","bad","bad",
"item_347","miedo","word","descriptive_words","understands; produces","miedo","scared","scared",
"item_348","nuevo","word","descriptive_words","understands; produces","nuevo","new","new",
"item_349","oscuro","word","descriptive_words","understands; produces","oscuro","dark ","dark",
"item_350","pesado","word","descriptive_words","understands; produces","pesado","heavy","heavy",
"item_351","poco","word","descriptive_words","understands; produces","poco","little ","little (description)",
"item_352","rojo","word","descriptive_words","understands; produces","rojo","red","red",
"item_353","roto","word","descriptive_words","understands; produces","roto","broken ","broken",
"item_354","sed","word","descriptive_words","understands; produces","sed","thirsty","thirsty",
"item_355","suave","word","descriptive_words","understands; produces","suave","soft","soft",
"item_356","sucio","word","descriptive_words","understands; produces","sucio","dirty","dirty",
"item_357","sueno","word","descriptive_words","understands; produces","sueño","asleep","asleep",
"item_358","triste","word","descriptive_words","understands; produces","triste","sad","sad",
"item_359","vacio","word","descriptive_words","understands; produces","vacío","empty","empty",
"item_360","verde","word","descriptive_words","understands; produces","verde","green","green",
"item_361","viejo","word","descriptive_words","understands; produces","viejo","old","old",
"item_362","aquel","word","pronouns","understands; produces","aquel","that","that",
"item_363","aquela","word","pronouns","understands; produces","aquella","that","that",
"item_364","el1","word","pronouns","understands; produces","él (pronouns)","he","he",
"item_365","ella","word","pronouns","understands; produces","ella","she","her",
"item_366","ellas","word","pronouns","understands; produces","ellas","they","they",
"item_367","ellos","word","pronouns","understands; produces","ellos","they","they",
"item_368","esa","word","pronouns","understands; produces","esa","that","that",
"item_369","esas","word","pronouns","understands; produces","esas","those","those",
"item_370","ese","word","pronouns","understands; produces","ese","that ","that",
"item_371","eso","word","pronouns","understands; produces","eso","that","that",
"item_372","esos","word","pronouns","understands; produces","esos","those ","those",
"item_373","esta","word","pronouns","understands; produces","ésta","this","this",
"item_374","estas","word","pronouns","understands; produces","éstas","these","these",
"item_375","este","word","pronouns","understands; produces","éste","this ","this",
"item_376","esto","word","pronouns","understands; produces","esto","this ","this",
"item_377","estos","word","pronouns","understands; produces","éstos","these ","these",
"item_378","le","word","pronouns","understands; produces","le","you","it",
"item_379","les","word","pronouns","understands; produces","les","them","them",
"item_380","lo","word","pronouns","understands; produces","lo","the","him",
"item_381","me","word","pronouns","understands; produces","me","me","me",
"item_382","mia","word","pronouns","understands; produces","mía","mine","mine",
"item_383","mias","word","pronouns","understands; produces","mías","mine","mine",
"item_384","mio","word","pronouns","understands; produces","mío","mine","mine",
"item_385","mios","word","pronouns","understands; produces","míos","mine","mine",
"item_386","se","word","pronouns","understands; produces","se","self","self",
"item_387","su","word","pronouns","understands; produces","su","his","his",
"item_388","te","word","pronouns","understands; produces","te","you","you",
"item_389","tu","word","pronouns","understands; produces","tú","you","you",
"item_390","tuya","word","pronouns","understands; produces","tuya","yours","your",
"item_391","tuyas","word","pronouns","understands; produces","tuyas","yours","your",
"item_392","tuyo","word","pronouns","understands; produces","tuyo","yours","your",
"item_393","tuyos","word","pronouns","understands; produces","tuyos","yours","your",
"item_394","yo","word","pronouns","understands; produces","yo","I","i",
"item_395","como","word","question_words","understands; produces","cómo","as","how",
"item_396","cual","word","question_words","understands; produces","cuál","which","which (question)",
"item_397","dondest","word","question_words","understands; produces","dónde está","where is it","where (question)",
"item_398","porque","word","question_words","understands; produces","por qué","why","why",
"item_399","que","word","question_words","understands; produces","qué","what ","what",
"item_400","quien","word","question_words","understands; produces","quién","who","who",
"item_401","el2","word","articles","understands; produces","el (articles)","the","the",
"item_402","la","word","articles","understands; produces","la","the","the",
"item_403","las","word","articles","understands; produces","las","the","the",
"item_404","los","word","articles","understands; produces","los","the","the",
"item_405","un","word","articles","understands; produces","un","a ","a",
"item_406","una","word","articles","understands; produces","una","a ","a",
"item_407","unas","word","articles","understands; produces","unas","a ","a",
"item_408","unos","word","articles","understands; produces","unos","a ","a",
"item_409","mas","word","quantifiers","understands; produces","más","more","more",
"item_410","mucho","word","quantifiers","understands; produces","mucho","a lot","a lot",
"item_411","nada","word","quantifiers","understands; produces","nada","nothing","nothing",
"item_412","nohay","word","quantifiers","understands; produces","no hay","none","none",
"item_413","otravez","word","quantifiers","understands; produces","otro/otra vez","again","again",
"item_414","tambien","word","quantifiers","understands; produces","también","also","also",
"item_415","todo","word","quantifiers","understands; produces","todo","all ","all",
"item_416","ya","word","quantifiers","understands; produces","ya","already","already",
"item_417","abajo","word","locations","understands; produces","abajo","down ","down",
"item_418","adentro","word","locations","understands; produces","adentro","in","inside",
"item_419","afuera","word","locations","understands; produces","afuera","out ","out",
"item_420","ahi","word","locations","understands; produces","ahí","there","there",
"item_421","allaall","word","locations","understands; produces","alla/allí","there","there",
"item_422","aqui","word","locations","understands; produces","aquí","here","here",
"item_423","arriba","word","locations","understands; produces","arriba","up","up",
"item_424","atras","word","locations","understands; produces","atrás","behind","back (location)",
"item_425","encima","word","locations","understands; produces","encima","above","on",
"item_426","de","word","locations","understands; produces","de","of","of",
"item_427","en","word","locations","understands; produces","en","in","in",
"item_428","para","word","locations","understands; produces","para","for ","for",
