"itemID","item","type","category","choices","definition","gloss","complexity_category","uni_lemma"
"item_1","S1_OUCH","word","sounds","produces","άου","ouch",,
"item_2","S2_FROG_SO","word","sounds","produces","βρεκεκέξ κουάξ κουάξ","""frog sound""",,
"item_3","S3_WOOF_WO","word","sounds","produces","γαβ γαβ","woof woof",,
"item_4","S4_YUMMY","word","sounds","produces","γιάμι","yummy",,
"item_5","S5_CHICKEN","word","sounds","produces","κοκοκό","""chicken sound""",,
"item_6","S6_COOCKAD","word","sounds","produces","κικιρίκου","coockadoodledoo",,
"item_7","S7_OWL_SOU","word","sounds","produces","κουκουβά","""owl sound""",,
"item_8","S8_YUM_YUM","word","sounds","produces","μιαμ μιαμ","yum yum",,
"item_9","S9_MEOW","word","sounds","produces","μιάου","meow",,
"item_10","S10_MOO","word","sounds","produces","μουουου","moo",,
"item_11","S11_SHEEP_","word","sounds","produces","μπεεε","""sheep sound""",,
"item_12","S12_WATER__CG","word","sounds","produces","μπουά","water CG",,
"item_13","S13_BLOOM","word","sounds","produces","μπλουμ","bloom",,
"item_14","S14_SOUND__CG","word","sounds","produces","ουφ(φου)","""sound when getting tired/bored"" CG",,
"item_15","S15_QUACK_","word","sounds","produces","παπαπά","quack quack",,
"item_16","S16_SOUND__CG","word","sounds","produces","πουφ(φου)","""sound indicating bad smell"" CG",,
"item_17","S17_BIRD_S","word","sounds","produces","τσίου","""bird sound""",,
"item_18","A1_COW","word","animals","produces","αγελάδα","cow",,
"item_19","A2_HORSE","word","animals","produces","άλογο","horse",,
"item_20","A3_SPIDER","word","animals","produces","αράχνη","spider",,
"item_21","A4_BEAR","word","animals","produces","αρκούδα","bear",,
"item_22","A5_LAMB","word","animals","produces","αρνί","lamb",,
"item_23","A6_FROG","word","animals","produces","βάτραχος","frog",,
"item_24","A7_DONKEY","word","animals","produces","γάιδαρος","donkey",,
"item_25","A8_CAT","word","animals","produces","γάτα","cat",,
"item_26","A9_PIG","word","animals","produces","γουρούνι","pig",,
"item_27","A10_DOLPHI","word","animals","produces","δελφίνι","dolphin",,
"item_28","A11_DEER","word","animals","produces","ελάφι","deer",,
"item_29","A12_ELEPHA","word","animals","produces","ελέφαντας","elephant",,
"item_30","A13_INSECT","word","animals","produces","έντομο","insect",,
"item_31","A14_ANIMAL","word","animals","produces","ζώο","animal",,
"item_32","A15_CAMEL","word","animals","produces","καμήλα","camel",,
"item_33","A16_GIRAFF","word","animals","produces","καμηλοπάρδαλη","giraffe",,
"item_34","A17_SNAIL__CG","word","animals","produces","καράολος","snail CG",,
"item_35","A18_COCKRO","word","animals","produces","κατσαρίδα","cockroach",,
"item_36","A19_GOAT","word","animals","produces","κατσίκα","goat",,
"item_37","A20_ROOSTE","word","animals","produces","κόκορας","rooster",,
"item_38","A21_CHICKE","word","animals","produces","κότα","chicken",,
"item_39","A22_OWL","word","animals","produces","κουκουβάγια","owl",,
"item_40","A23_RABBIT","word","animals","produces","κουνέλι","rabbit",,
"item_41","A24_MOSQUI","word","animals","produces","κουνούπι","mosquito",,
"item_42","A25_TYPE_O_CG","word","animals","produces","κουρκουτάς","""type of lizard"" CG",,
"item_43","A26_PUPPY","word","animals","produces","κουτάβι","puppy",,
"item_44","A27_SNAKE__CG","word","animals","produces","κουφή","snake CG",,
"item_45","A28_CROCOD","word","animals","produces","κροκόδειλος","crocodile",,
"item_46","A29_HARE","word","animals","produces","λαγός","hare",,
"item_47","A30_LION","word","animals","produces","λιοντάρι","lion",,
"item_48","A31_MONKEY","word","animals","produces","μαϊμού","monkey",,
"item_49","A32_BEE","word","animals","produces","μέλισσα","bee",,
"item_50","A33_FLY","word","animals","produces","μύγα","fly",,
"item_51","A34_ANT","word","animals","produces","μυρμήγκι","ant",,
"item_52","A25_BAT","word","animals","produces","νυχτερίδα","bat",,
"item_53","A26_LADYBU_CG","word","animals","produces","παπαρούνα","ladybug CG",,
"item_54","A27_DUCK","word","animals","produces","πάπια","duck",,
"item_55","A38_LADYBU","word","animals","produces","πασχαλίτσα","ladybug",,
"item_56","A39_BUTTER","word","animals","produces","πεταλούδα","butterfly",,
"item_57","A40_ROOSTE_CG","word","animals","produces","πετεινός","rooster CG",,
"item_58","A41_PENGUI","word","animals","produces","πιγκουίνος","penguin",,
"item_59","A42_MONKEY","word","animals","produces","πίθηκος","monkey",,
"item_60","A43_MOUSE","word","animals","produces","ποντίκι","mouse",,
"item_61","A44_BIRD","word","animals","produces","πουλί","bird",,
"item_62","A45_SHEEP","word","animals","produces","πρόβατο","sheep",,
"item_63","A46_SNAIL","word","animals","produces","σαλιγκάρι","snail",,
"item_64","A47_LIZARD","word","animals","produces","σαύρα","lizard",,
"item_65","A48_SQUIRR","word","animals","produces","σκίουρος","squirrel",,
"item_66","A49_DOG","word","animals","produces","σκύλος","dog",,
"item_67","A50_WASP","word","animals","produces","σφήκα","wasp",,
"item_68","A51_TIGER","word","animals","produces","τίγρη","tiger",,
"item_69","A52_WHALE","word","animals","produces","φάλαινα","whale",,
"item_70","A53_SNAKE","word","animals","produces","φίδι","snake",,
"item_71","A54_TURTLE","word","animals","produces","χελώνα","turtle",,
"item_72","A55_GOOSE","word","animals","produces","χήνα","goose",,
"item_73","A56_FISH","word","animals","produces","ψάρι","fish",,
"item_74","T1_TEDDY_B","word","toys","produces","αρκουδάκι","teddy bear",,
"item_75","T2_CAR","word","toys","produces","αυτοκινητάκι","car",,
"item_76","T3_BOOK","word","toys","produces","βιβλίο","book",,
"item_77","T4_GLUE_CG_CG","word","toys","produces","γόμμα","glue CG",,
"item_78","T5_GIFT","word","toys","produces","δώρο","gift",,
"item_79","T6_GLUE","word","toys","produces","κόλλα","glue",,
"item_80","T7_DOLL","word","toys","produces","κούκλα","doll",,
"item_81","T8_CUBE","word","toys","produces","κύβος","cube",,
"item_82","T9_BALL_CG_CG","word","toys","produces","μάππα","ball CG",,
"item_83","T10_MARKER","word","toys","produces","μαρκαδόρος","marker",,
"item_84","T11_BALL","word","toys","produces","μπάλα","ball",,
"item_85","T12_BALLOO","word","toys","produces","μπαλόνι","balloon",,
"item_86","T13_TEDDY__CG","word","toys","produces","μπούλουκκος","teddy bear CG",,
"item_87","T14_PENCIL","word","toys","produces","μολύβι","pencil",,
"item_88","T15_PUZZLE","word","toys","produces","παζλ","puzzle",,
"item_89","T16_TOY_GA","word","toys","produces","παιχνίδι","toy/game",,
"item_90","T17_STORY_","word","toys","produces","παραμύθι","story/fairytale",,
"item_91","T18_PEN_CG_CG","word","toys","produces","πέννα","pen CG",,
"item_92","T19_PLAY_D","word","toys","produces","πλαστελίνη","play doh",,
"item_93","T20_PLAY_D_CG","word","toys","produces","πλαστισίνη","play doh CG",,
"item_94","T21_TOY_SO","word","toys","produces","στρατιωτάκι","toy soldier",,
"item_95","T22_PEN","word","toys","produces","στυλό","pen",,
"item_96","T23_BLOCK","word","toys","produces","τούβλο","block",,
"item_97","T14_BALLOO_CG","word","toys","produces","φούσκα","balloon CG",,
"item_98","FD1_SALT","word","food_drink","produces","αλάτι","salt",,
"item_99","FD2_EGG","word","food_drink","produces","αυγό","egg",,
"item_100","FD3_AUBERG_CG","word","food_drink","produces","βαζάνι","aubergine CG",,
"item_101","FD4_BUTTER","word","food_drink","produces","βούτυρος","butter",,
"item_102","FD5_MILK","word","food_drink","produces","γάλα","milk",,
"item_103","FD6_YOGURT","word","food_drink","produces","γιαούρτι","yogurt",,
"item_104","FD7_SWEET","word","food_drink","produces","γλυκό/γλύκισμα","sweet",,
"item_105","FD8_LOLLIP","word","food_drink","produces","γλειφιτζούρι","lollipop",,
"item_106","FD9_CEREAL","word","food_drink","produces","δημητριακά*","cereal",,
"item_107","FD10_HAM","word","food_drink","produces","ζαμπόν","ham",,
"item_108","FD11_SUGAR","word","food_drink","produces","ζάχαρη","sugar",,
"item_109","FD12_CONFE","word","food_drink","produces","ζαχαρωτά","confectionery",,
"item_110","FD13_JELLO","word","food_drink","produces","ζελέ","jello",,
"item_111","FD14_JELLY","word","food_drink","produces","ζελεδάκια","jelly beans",,
"item_112","FD15_CORN","word","food_drink","produces","καλαμπόκι","corn",,
"item_113","FD16_TOAST_CG","word","food_drink","produces","καπίρα","toasted bread CG",,
"item_114","FD17_CANDY","word","food_drink","produces","καραμέλα","candy",,
"item_115","FD18_CARRO","word","food_drink","produces","καρότο","carrot",,
"item_116","FD19_WATER","word","food_drink","produces","καρπούζι","watermelon",,
"item_117","FD20_COFFE","word","food_drink","produces","καφές","coffee",,
"item_118","DF21_CAKE","word","food_drink","produces","κέϊκ","cake",,
"item_119","FD22_KETCH","word","food_drink","produces","κέτσαπ","ketchup",,
"item_120","FD23_CHICK","word","food_drink","produces","κοτόπουλο","chicken",,
"item_121","FD24_STUFF_CG","word","food_drink","produces","κουπέπι","""stuffed grape leaves"" CG",,
"item_122","FD25_CANDY_CG","word","food_drink","produces","κουφέττα","candy CG",,
"item_123","FD26_MEAT__CG","word","food_drink","produces","κρέας","meat CG",,
"item_124","FD27_CREAM","word","food_drink","produces","κρέμα","cream",,
"item_125","FD28_NUTS__CG","word","food_drink","produces","κούννες","nuts CG",,
"item_126","FD29_GREEK","word","food_drink","produces","λουκουμάδες","""greek donuts""",,
"item_127","FD30_MAYON","word","food_drink","produces","μαγιονέζα","mayonaise",,
"item_128","FD31_PASTA","word","food_drink","produces","μακαρόνια","pasta",,
"item_129","FD32_JAM","word","food_drink","produces","μαρμελάδα","jam",,
"item_130","FD33_AUBER","word","food_drink","produces","μελιτζάνα","aubergine",,
"item_131","FD34_APPLE","word","food_drink","produces","μήλο","apple",,
"item_132","FD35_LOLLI_CG","word","food_drink","produces","μηλούιν","lollipop CG",,
"item_133","FD36_BANAN","word","food_drink","produces","μπανάνα","banana",,
"item_134","FD37_PEAS","word","food_drink","produces","μπιζέλι","peas",,
"item_135","FD38_BISCU","word","food_drink","produces","μπισκότο","biscuit",,
"item_136","FD39_BURGE","word","food_drink","produces","μπιφτέκι","burger",,
"item_137","FD40_NUGGE","word","food_drink","produces","νάγκετς","nuggets",,
"item_138","FD41_WATER","word","food_drink","produces","νερό","water",,
"item_139","FD42_NUTS","word","food_drink","produces","ξηροί καρποί","nuts",,
"item_140","FD43_ICE_C","word","food_drink","produces","παγάκι","ice cube",,
"item_141","FD44_ICE_C","word","food_drink","produces","παγωτό","ice cream",,
"item_142","FD45_CRISP","word","food_drink","produces","πατατάκια","crisps",,
"item_143","FD46_POTAT","word","food_drink","produces","πατάτα","potato",,
"item_144","FD47_MELON","word","food_drink","produces","πεπόνι","melon",,
"item_145","FD48_GUM_C_CG","word","food_drink","produces","πίσσα","gum CG",,
"item_146","FD49_PIZZA","word","food_drink","produces","πίτσα","pizza",,
"item_147","FD50_POP_C","word","food_drink","produces","ποπ κορν","pop corn",,
"item_148","FD51_ORANG","word","food_drink","produces","πορτοκάλι","orange",,
"item_149","FD52_RICE","word","food_drink","produces","ρύζι","rice",,
"item_150","FD53_SANDW","word","food_drink","produces","σάντουιτς","sandwich",,
"item_151","FD54_CYPRI","word","food_drink","produces","σιάμισι","""cypriot sweet""",,
"item_152","FD55_CYPRI","word","food_drink","produces","σιεφταλιά","""cypriot crépinette""",,
"item_153","FD56_SYRUP","word","food_drink","produces","σιρόπι","syrup",,
"item_154","FD57_CORN__CG","word","food_drink","produces","σιταροπούλα","corn CG",,
"item_155","FD58_CORN__CG","word","food_drink","produces","σίταρος","corn CG",,
"item_156","FD59_CHOCO","word","food_drink","produces","σοκολάτα","chocolate",,
"item_157","FD60_GREEK","word","food_drink","produces","σούβλα","""greek skewer""",,
"item_158","FD61_GREEK","word","food_drink","produces","σουβλάκι","""greek skewer""",,
"item_159","FD62_SOUP","word","food_drink","produces","σούπα","soup",,
"item_160","FD63_RAISI","word","food_drink","produces","σταφύδα","raisin",,
"item_161","FD64_GRAPE","word","food_drink","produces","σταφύλι","grape",,
"item_162","FD65_JELLO_CG","word","food_drink","produces","τζέλλι","jello CG",,
"item_163","FD66_TOAST","word","food_drink","produces","τοστ","toast",,
"item_164","FD67_TEA","word","food_drink","produces","τσάι","tea",,
"item_165","FD68_CRISP_CG","word","food_drink","produces","τσιπς","crisps CG",,
"item_166","FD69_GUM","word","food_drink","produces","τσίχλα","gum",,
"item_167","FD70_CHEES","word","food_drink","produces","τυρί","cheese",,
"item_168","FD71_FOOD","word","food_drink","produces","φαγητό/φαΐ","food",,
"item_169","FD72_LENTI","word","food_drink","produces","φακές","lentils",,
"item_170","FD73_GREEN","word","food_drink","produces","φασολάκι","green beans",,
"item_171","FD74_BEANS","word","food_drink","produces","φασόλια","beans",,
"item_172","FD75_FISH_","word","food_drink","produces","φίσφιγκερς","fish fingers",,
"item_173","FD76_STRAW","word","food_drink","produces","φράουλα","strawberry",,
"item_174","FD77_JELLY_CG","word","food_drink","produces","φρουτάκια","jelly beans CG",,
"item_175","FD78_TOAST","word","food_drink","produces","φρυγανιά","toasted bread",,
"item_176","FD79_HAM_C_CG","word","food_drink","produces","χαμ","ham CG",,
"item_177","FD80_HAMBU","word","food_drink","produces","χάμπουργκερ","hamburger",,
"item_178","FD81_JUICE","word","food_drink","produces","χυμός","juice",,
"item_179","FD82_CONE_","word","food_drink","produces","χωνάκι","cone (ice cream)",,
"item_180","FD83_FISH","word","food_drink","produces","ψάρι","fish",,
"item_181","FD84_BREAD","word","food_drink","produces","ψωμί","bread",,
"item_182","V1_AIRPLAN","word","vehicles","produces","αεροπλάνο","airplane",,
"item_183","V2_CAR","word","vehicles","produces","αμάξι","car",,
"item_184","V3_PUSHCHA_CG","word","vehicles","produces","αμαξούα","pushchair CG",,
"item_185","V4_CAR_CG_CG","word","vehicles","produces","αυτοκίνητο","car CG",,
"item_186","V5_BOAT","word","vehicles","produces","βάρκα","boat",,
"item_187","V6_SHIP","word","vehicles","produces","καράβι","ship",,
"item_188","V7_PUSHCHA","word","vehicles","produces","καροτσάκι","pushchair",,
"item_189","V8_BUS","word","vehicles","produces","λεωφορείο","bus",,
"item_190","V9_MOTORCY","word","vehicles","produces","μοτοσικλέτα","motorcycle",,
"item_191","V10_MOTORC_CG","word","vehicles","produces","μοτόρα","motorcycle CG",,
"item_192","V11_BULLDO","word","vehicles","produces","μπουλντόζα","bulldozer",,
"item_193","V12_SHIP","word","vehicles","produces","πλοίο","ship",,
"item_194","V13_BICYCL","word","vehicles","produces","ποδήλατο","bicycle",,
"item_195","V14_FIREEN","word","vehicles","produces","πυροσβεστική","fireengine",,
"item_196","V15_BULLDO_CG","word","vehicles","produces","σιοίρος","bulldozer CG",,
"item_197","V16_TRACTO","word","vehicles","produces","τρακτέρ","tractor",,
"item_198","V17_TRAIN","word","vehicles","produces","τρένο","train",,
"item_199","V18_LORRY","word","vehicles","produces","φορτηγό","lorry",,
"item_200","OH1_RUBBIS","word","household","produces","άχρηστα","rubbish",,
"item_201","OH2_BRUSH","word","household","produces","βούρτσα","brush",,
"item_202","OH3_FLOWER","word","household","produces","γλάστρα","(flower) pot",,
"item_203","OH4_TRAY","word","household","produces","δίσκος","tray",,
"item_204","OH5_VACUUM","word","household","produces","ηλεκτρική σκούπα*","vacuum cleaner",,
"item_205","OH6_PAINTI_CG","word","household","produces","κάδρο","painting CG",,
"item_206","OH7_RUBBIS_CG","word","household","produces","κάλαθος","rubbish bin CG",,
"item_207","OH8_CAMERA","word","household","produces","κάμερα","camera",,
"item_208","OH9_COIN","word","household","produces","κέρμα","coin",,
"item_209","OH10_MOBIL","word","household","produces","κινητό","mobile",,
"item_210","OH11_KEYS","word","household","produces","κλειδιά","keys",,
"item_211","OH12_ADHES","word","household","produces","κολλητική ταινία*","adhesive tape",,
"item_212","OH13_BUCKE","word","household","produces","κουβάς","bucket",,
"item_213","OH14_BLANK","word","household","produces","κουβέρτα","blanket",,
"item_214","OH15_BOWL","word","household","produces","κούπα","bowl",,
"item_215","OH16_SPOON","word","household","produces","κουτάλι","spoon",,
"item_216","OH17_BOX","word","household","produces","κουτί","box",,
"item_217","OH18_LAMP","word","household","produces","λάμπα","lamp",,
"item_218","OH19_MONEY","word","household","produces","λεφτά","money",,
"item_219","OH20_KITCH_CG","word","household","produces","μαντηλιά","kitchen towel CG",,
"item_220","OH21_PILLO","word","household","produces","μαξιλάρι","pillow",,
"item_221","OH22_KNIFE","word","household","produces","μαχαίρι","knife",,
"item_222","OH23_MOBIL_CG","word","household","produces","μόμπαϊλ","mobile CG",,
"item_223","OH24_FEEDI_CG","word","household","produces","μπιμπερό","feeding bottle CG",,
"item_224","OH25_BOWL__CG","word","household","produces","μπολ","bowl CG",,
"item_225","OH26_BOTTL","word","household","produces","μπουκάλι","bottle",,
"item_226","OH27_COIN","word","household","produces","νόμισμα","coin",,
"item_227","OH28_TOOTH","word","household","produces","οδοντόβουρτσα","toothbrush",,
"item_228","OH29_TOOTH","word","household","produces","οδοντόκρεμα","toothpaste",,
"item_229","OH30_BABY__CG","word","household","produces","περπατούσα","baby walker CG",,
"item_230","OH31_TOWL","word","household","produces","πετσέτα","towl",,
"item_231","OH32_PLATE","word","household","produces","πιάτο","plate",,
"item_232","OH33_PAINT","word","household","produces","πίνακας","painting",,
"item_233","OH34_FORK","word","household","produces","πιρούνι","fork",,
"item_234","OH35_HAIR__CG","word","household","produces","πιστολάκι","hair dryer CG",,
"item_235","OH36_WALLE","word","household","produces","πορτοφόλι","wallet",,
"item_236","OH37_RADIO","word","household","produces","ραδιόφωνο","radio",,
"item_237","OH38_WATCH","word","household","produces","ρολόι","watch",,
"item_238","OH39_SOAP","word","household","produces","σαπούνι","soap",,
"item_239","OH40_HAIR_","word","household","produces","σεσουάρ","hair dryer",,
"item_240","OH41_BUCKE_CG","word","household","produces","σίκλα","bucket CG",,
"item_241","OH42_BROOM","word","household","produces","σκούπα","broom",,
"item_242","OH43_RUBBI","word","household","produces","σκουπίδια","rubbish",,
"item_243","OH44_HAIR_","word","household","produces","στεγνωτήρας","hair dryer",,
"item_244","OH45_MOP","word","household","produces","σφουγγαρίστρα","mop",,
"item_245","OH46_HAMME","word","household","produces","σφυρί","hammer",,
"item_246","OH47_TABLE","word","household","produces","τάμπλετ","tablet",,
"item_247","OH48_TOWEL_CG","word","household","produces","τόρος","towel CG",,
"item_248","OH49_MEDIC","word","household","produces","φάρμακο","medicine",,
"item_249","OH50_ADHES_CG","word","household","produces","τέλλα","adhesive tape CG",,
"item_250","OH51_TIN","word","household","produces","τενεκεδάκι","tin",,
"item_251","OH52_PHONE","word","household","produces","τηλέφωνο","phone",,
"item_252","OH53_BAG","word","household","produces","τσάντα","bag",,
"item_253","OH54_MOP_C_CG","word","household","produces","φλόκκος","mop CG",,
"item_254","OH55_CUP_C_CG","word","household","produces","φλιτζάνι","cup CG",,
"item_255","OH56_LIGHT","word","household","produces","φως","light",,
"item_256","OH57_PHOTO","word","household","produces","φωτογραφία","photograph",,
"item_257","OH58_PHOTO","word","household","produces","φωτογραφική","photo camera",,
"item_258","OH59_PHOTO","word","household","produces","φωτογραφοθήκη","photo frame",,
"item_259","OH60_PAPER","word","household","produces","χαρτί","paper",,
"item_260","OH61_TISSU","word","household","produces","χαρτομάντηλο","tissue",,
"item_261","OH62_COMB","word","household","produces","χτενιά","comb",,
"item_262","OH63_SCISS","word","household","produces","ψαλίδι","scissors",,
"item_263","OH63_SINK__CG","word","household","produces","βούρνα","3 sink CG",,
"item_264","F2_WARDROB_CG","word","furniture_rooms","produces","ερμάρι","wardrobe CG",,
"item_265","F3_CUPBOAR_CG","word","furniture_rooms","produces","ερμαράκι","cupboard CG",,
"item_266","F4_POTTY","word","furniture_rooms","produces","γιογιό","potty",,
"item_267","F5_GARAGE","word","furniture_rooms","produces","γκαράζ","garage",,
"item_268","F6_ROOM","word","furniture_rooms","produces","δωμάτιο","room",,
"item_269","F7_HEATER","word","furniture_rooms","produces","θερμάστρα","heater",,
"item_270","F8_POTTY_C_CG","word","furniture_rooms","produces","καθικούιν","potty CG",,
"item_271","F9_CAR_SEA","word","furniture_rooms","produces","καθισματάκι","car seat",,
"item_272","F10_LIVING","word","furniture_rooms","produces","καθιστικό","living room",,
"item_273","F11_SOFA","word","furniture_rooms","produces","καναπές","sofa",,
"item_274","F12_CAR_SE_CG","word","furniture_rooms","produces","καρ σιτ","car seat CG",,
"item_275","F13_CHAIR","word","furniture_rooms","produces","καρέκλα","chair",,
"item_276","F14_HIGH_C_CG","word","furniture_rooms","produces","καρεκλίν","high chair CG",,
"item_277","F15_BED_CG_CG","word","furniture_rooms","produces","καρκόλα","bed CG",,
"item_278","F16_KITCHE","word","furniture_rooms","produces","κουζίνα","kitchen",,
"item_279","F17_BED","word","furniture_rooms","produces","κρεβάτι","bed",,
"item_280","F18_BATHTU","word","furniture_rooms","produces","μπανιέρα","bathtub",,
"item_281","F19_BATHRO","word","furniture_rooms","produces","μπάνιο","bathroom",,
"item_282","F20_SINK","word","furniture_rooms","produces","νεροχύτης","sink",,
"item_283","F21_WASHBA","word","furniture_rooms","produces","νιπτήρας","washbasin",,
"item_284","F22_SHOWER","word","furniture_rooms","produces","ντουζ","shower",,
"item_285","F23_WARDRO","word","furniture_rooms","produces","ντουλάπα","wardrobe",,
"item_286","F24_CUPBOA","word","furniture_rooms","produces","ντουλάπι","cupboard",,
"item_287","F25_KITCHE","word","furniture_rooms","produces","πάγκος","kitchen board",,
"item_288","F26_WINDOW","word","furniture_rooms","produces","παράθυρο","window",,
"item_289","F27_PARKIN","word","furniture_rooms","produces","πάρκινγκ","parking",,
"item_290","F28_WASHIN","word","furniture_rooms","produces","πλυντήριο","washing machine",,
"item_291","F29_ARMCHA","word","furniture_rooms","produces","πολυθρόνα","armchair",,
"item_292","F30_DOOR","word","furniture_rooms","produces","πόρτα","door",,
"item_293","F31_BOUNCE_CG","word","furniture_rooms","produces","ριλάξ","bouncer CG",,
"item_294","F32_SEATIN","word","furniture_rooms","produces","σαλόνι","seating room",,
"item_295","F33_STAIRC","word","furniture_rooms","produces","σκάλα","staircase",,
"item_296","F34_HEATER","word","furniture_rooms","produces","σόμπα","heater",,
"item_297","F35_DRAWER","word","furniture_rooms","produces","συρτάρι","drawer",,
"item_298","F36_ROOFTO","word","furniture_rooms","produces","ταράτσα","rooftop",,
"item_299","F37_TELEVI","word","furniture_rooms","produces","τηλεόραση","television",,
"item_300","F38_TABLE","word","furniture_rooms","produces","τραπέζι","table",,
"item_301","F39_BASEME","word","furniture_rooms","produces","υπόγειο","basement",,
"item_302","F40_OVEN","word","furniture_rooms","produces","φούρνος","oven",,
"item_303","C1_PANTIES","word","clothing","produces","βρακί","panties",,
"item_304","C2_GLOVES","word","clothing","produces","γάντια","gloves",,
"item_305","C3_GLASSES","word","clothing","produces","γυαλιά","glasses",,
"item_306","C4_CARDIGA","word","clothing","produces","ζακέτα","cardigan",,
"item_307","C5_BELT","word","clothing","produces","ζώνη","belt",,
"item_308","C6_STOCKIN","word","clothing","produces","καλσόν","stockings",,
"item_309","C7_SOCKS","word","clothing","produces","κάλτσες","socks",,
"item_310","C8_HAT","word","clothing","produces","καπέλο","hat",,
"item_311","C9_NEKLACE","word","clothing","produces","κολιέ","neklace",,
"item_312","C10_BODYSU_CG","word","clothing","produces","κορμάκι","bodysuit CG",,
"item_313","C11_BUTTON","word","clothing","produces","κουμπί","button",,
"item_314","C12_SWIMSU","word","clothing","produces","μαγιό","swimsuit",,
"item_315","C13_BIKINI","word","clothing","produces","μπικίνι","bikini",,
"item_316","C14_T-SHIR","word","clothing","produces","μπλούζα","t-shirt/blouse",,
"item_317","C15_BOOT","word","clothing","produces","μπότα","boot",,
"item_318","C16_JACKET","word","clothing","produces","μπουφάν","jacket",,
"item_319","C17_SLIPPE","word","clothing","produces","παντόφλα","slipper",,
"item_320","C18_SHOE","word","clothing","produces","παπούτσι","shoe",,
"item_321","C19_BIB_CG_CG","word","clothing","produces","ποθκιά","bib CG",,
"item_322","C20_SHIRT","word","clothing","produces","πουκάμισο","shirt",,
"item_323","C21_PULLOV","word","clothing","produces","πουλόβερ","pullover",,
"item_324","C22_PYJAMA","word","clothing","produces","πυτζάμες","pyjamas",,
"item_325","C23_FLIP_F","word","clothing","produces","σαγιονάρες","flip flops",,
"item_326","C24_JACKET_CG","word","clothing","produces","σακάκι","jacket CG",,
"item_327","C25_BIB","word","clothing","produces","σαλιαρίτσα","bib",,
"item_328","C26_SYRUP","word","clothing","produces","σκούφος","syrup",,
"item_329","C27_JEANS","word","clothing","produces","τζην","jeans",,
"item_330","C28_PULLOV_CG","word","clothing","produces","τρικό","pullover CG",,
"item_331","C29_T-SHIR","word","clothing","produces","φανέλα","t-shirt",,
"item_332","C30_ZIP","word","clothing","produces","φερμουάρ","zip",,
"item_333","C31_FLIP_F_CG","word","clothing","produces","φλι φλο","flip flops CG",,
"item_334","C32_DRESS","word","clothing","produces","φόρεμα","dress",,
"item_335","C33_BODYSU","word","clothing","produces","φορμάκι","bodysuit",,
"item_336","C34_TRAINI","word","clothing","produces","φόρμα","training trousers",,
"item_337","OT1_WIND","word","outside","produces","αέρας","wind",,
"item_338","OT2_SAND","word","outside","produces","άμμος","sand",,
"item_339","OT3_STAR","word","outside","produces","αστέρι","star",,
"item_340","OT4_ROCK","word","outside","produces","βράχος","rock",,
"item_341","OT5_RAIN","word","outside","produces","βροχή","rain",,
"item_342","OT6_GRASS","word","outside","produces","γρασίδι","grass",,
"item_343","OT7_TREE","word","outside","produces","δέντρο","tree",,
"item_344","OT8_ROAD","word","outside","produces","δρόμος","road",,
"item_345","OT9_SUN","word","outside","produces","ήλιος","sun",,
"item_346","OT10_SLIDE_CG","word","outside","produces","κατρατζύλι","slide CG",,
"item_347","OT11_BEACH","word","outside","produces","κουβαδάκια","beach toys",,
"item_348","OT12_SWING","word","outside","produces","κούνια","swing",,
"item_349","OT13_HOSE","word","outside","produces","λάστιχο","hose",,
"item_350","OT14_FLOWE","word","outside","produces","λουλούδι","flower",,
"item_351","OT15_WATER","word","outside","produces","νερό","water",,
"item_352","OT16_UMBRE","word","outside","produces","ομπρέλα","umbrella",,
"item_353","OT17_SKY","word","outside","produces","ουρανός","sky",,
"item_354","OT18_RAINB","word","outside","produces","ουράνιο τόξο","rainbow",,
"item_355","OT19_PAVEM","word","outside","produces","πεζοδρόμιο","pavement",,
"item_356","OT20_STONE","word","outside","produces","πέτρα","stone",,
"item_357","OT21_WATER","word","outside","produces","ποτιστήρι","watering can",,
"item_358","OT22_FLAG","word","outside","produces","σημαία","flag",,
"item_359","OT23_SWING_CG","word","outside","produces","σούσα","swing CG",,
"item_360","OT24_HOUSE","word","outside","produces","σπίτι","house",,
"item_361","OT25_CLOUD","word","outside","produces","σύννεφο","cloud",,
"item_362","OT26_LIFE_","word","outside","produces","σωσίβιο","life vest",,
"item_363","OT27_WALL","word","outside","produces","τοίχος","wall",,
"item_364","OT28_SEESA","word","outside","produces","τραμπάλα","seesaw",,
"item_365","OT29_WHEEL","word","outside","produces","τροχός","wheel",,
"item_366","OT30_SLIDE","word","outside","produces","τσουλήθρα","slide",,
"item_367","OT31_MOON","word","outside","produces","φεγγάρι","moon",,
"item_368","OT32_SHOVE","word","outside","produces","φτυάρι","shovel",,
"item_369","OT33_SNOWM","word","outside","produces","χιονάνθρωπος","snowman",,
"item_370","OT34_SNOW","word","outside","produces","χιόνι","snow",,
"item_371","P1_BOY","word","people","produces","αγόρι","boy",,
"item_372","P2_SISTER_","word","people","produces","αδελφή/ός","sister/brother",,
"item_373","P3_PERSON_","word","people","produces","άνθρωπος","person/human",,
"item_374","P4_MAN","word","people","produces","άντρας","man",,
"item_375","P5_POLICE_","word","people","produces","αστυνομικός","police officer",,
"item_376","P6_OLD_MAN","word","people","produces","γέρος","old man",,
"item_377","P7_GRANDMO","word","people","produces","γιαγιά","grandmother",,
"item_378","P8_DOCTOR","word","people","produces","γιατρός","doctor",,
"item_379","P9_MERMAID","word","people","produces","γοργόνα","mermaid",,
"item_380","P10_OLD_WO","word","people","produces","γριά","old woman",,
"item_381","P11_WOMAN","word","people","produces","γυναίκα","woman",,
"item_382","P12_TEACHE","word","people","produces","δασκάλα/ος","teacher",,
"item_383","P13_AUNT_U","word","people","produces","θεία/ος","aunt/uncle",,
"item_384","P14_COWBOY","word","people","produces","καουμπόυ","cowboy",,
"item_385","P15_CLOWN","word","people","produces","κλόουν","clown",,
"item_386","P16_GIRL","word","people","produces","κορίτσι","girl",,
"item_387","P17_PEOPLE","word","people","produces","κόσμος","people",,
"item_388","P18_OLD_WO_CG","word","people","produces","κοτζιάκαρη","old woman CG",,
"item_389","P19_SIR_MA","word","people","produces","κυρία/ος","sir/madame",,
"item_390","P20_MOTHER","word","people","produces","μαμά*","mother",,
"item_391","P21_FATHER","word","people","produces","μπαμπάς","father",,
"item_392","P22_BABY","word","people","produces","μωρό","baby",,
"item_393","P23_GODMOT","word","people","produces","νονά*","godmother",,
"item_394","P24_GODFAT","word","people","produces","νονός*","godfather",,
"item_395","P25_NURSE","word","people","produces","νοσοκόμα","nurse",,
"item_396","P26_HOUSE_","word","people","produces","οικιακή βοηθός*","house maid",,
"item_397","P27_CHILD'","word","people","produces","όνομα παιδιού","child's name",,
"item_398","P28_PET'S_","word","people","produces","όνομα κατοικίδιου","pet's name",,
"item_399","P29_CHILD","word","people","produces","παιδί","child",,
"item_400","P30_CLOWN","word","people","produces","παλιάτσος","clown",,
"item_401","P31_GRANDF","word","people","produces","παππούς","grandfather",,
"item_402","P32_PIRATE","word","people","produces","πειρατής","pirate",,
"item_403","P33_PRINCE","word","people","produces","πρίγκηπας","prince",,
"item_404","P34_PRINCE","word","people","produces","πριγκήπισσα","princess",,
"item_405","P35_FIREPE","word","people","produces","πυροσβέστης","fireperson",,
"item_406","P36_SOLDIE","word","people","produces","στρατιώτης","soldier",,
"item_407","P37_POSTPE","word","people","produces","ταχυδρόμος","postperson",,
"item_408","P38_SINGER","word","people","produces","τραγουδιστής","singer",,
"item_409","P39_FRIEND","word","people","produces","φίλη/ος","friend",,
"item_410","BP1_ANKLE","word","body_parts","produces","αστράγαλος","ankle",,
"item_411","BP2_EARS","word","body_parts","produces","αυτιά","ears",,
"item_412","BP3_CHEEK__CG","word","body_parts","produces","βούκκα","cheek CG",,
"item_413","BP4_TONGUE","word","body_parts","produces","γλώσσα","tongue",,
"item_414","BP5_KNEE","word","body_parts","produces","γόνατο","knee",,
"item_415","BP6_FINGER","word","body_parts","produces","δάχτυλο","finger",,
"item_416","BP7_TOOTH","word","body_parts","produces","δόντι","tooth",,
"item_417","BP8_THIGH__CG","word","body_parts","produces","ζάμπα","thigh CG",,
"item_418","BP9_HEAD","word","body_parts","produces","κεφάλι","head",,
"item_419","BP10_HEAD__CG","word","body_parts","produces","κελλέ","head CG",,
"item_420","BP11_TUMMY","word","body_parts","produces","κοιλιά","tummy",,
"item_421","BP12_BUTTO","word","body_parts","produces","κολί*","buttocks",,
"item_422","BP13_CHEEK","word","body_parts","produces","μάγουλο","cheek",,
"item_423","BP14_HAIR","word","body_parts","produces","μαλλιά","hair",,
"item_424","BP15_EYE","word","body_parts","produces","μάτι","eye",,
"item_425","BP16_THIGH","word","body_parts","produces","μπούτι","thigh",,
"item_426","BP17_NOSE","word","body_parts","produces","μύτη","nose",,
"item_427","BP18_NAIL","word","body_parts","produces","νύχι","nail",,
"item_428","BP19_BELLY","word","body_parts","produces","ομφαλός*","belly button",,
"item_429","BP20_OWIE_","word","body_parts","produces","ουββά","owie/boo boo",,
"item_430","BP21_PALM","word","body_parts","produces","παλάμη","palm",,
"item_431","BP22_SOLE_","word","body_parts","produces","πατούσα","Sole/foot",,
"item_432","BP23_CHIN","word","body_parts","produces","πηγούνι","chin",,
"item_433","BP24_LEG","word","body_parts","produces","πόδι","leg",,
"item_434","BP25_VAGIN","word","body_parts","produces","πουλλί/πουλλού*","vagina/penis",,
"item_435","BP26_FACE","word","body_parts","produces","πρόσωπο","face",,
"item_436","BP27_MOUTH","word","body_parts","produces","στόμα","mouth",,
"item_437","BP28_LIPS","word","body_parts","produces","χείλη","lips",,
"item_438","BP29_HAND","word","body_parts","produces","χέρι","hand",,
"item_439","BP30_SHOUL","word","body_parts","produces","ώμος","shoulder",,
"item_440","GR1_BABIES_CG","word","games_routines","produces","άλλαϊλι","""babies' singing game"" CG",,
"item_441","GR2_YEAH_S","word","games_routines","produces","αμέ","yeah/sure (informal)",,
"item_442","GR3_MEALTI_CG","word","games_routines","produces","άμμου","""mealtime - baby word"" CG",,
"item_443","GR4_BABIES","word","games_routines","produces","αχ κουνελλάκι","""babies' singing game""",,
"item_444","GR5_HELLO","word","games_routines","produces","γεια","hello",,
"item_445","GR6_CHILD'","word","games_routines","produces","γύρω γύρω όλοι","""child's singing game""",,
"item_446","GR7_COME","word","games_routines","produces","έλα","come",,
"item_447","GR8_THANK_","word","games_routines","produces","ευχαριστώ","thank you",,
"item_448","GR9_PEEKAB_CG","word","games_routines","produces","ιτά","peekaboo CG",,
"item_449","GR10_POO_P","word","games_routines","produces","κακά","poo poo",,
"item_450","GR11_GOOD_","word","games_routines","produces","καλημέρα","good morning",,
"item_451","GR12_GOOD_","word","games_routines","produces","καληνύχτα","good night",,
"item_452","GR13_YEAH__CG","word","games_routines","produces","καλό","yeah/sure (informal) CG",,
"item_453","GR14_HIGH_","word","games_routines","produces","κόλλα το","high five",,
"item_454","GR15_BANGI_CG","word","games_routines","produces","κούτουλλο","""banging heads as a game"" CG",,
"item_455","GR16_KISS__CG","word","games_routines","produces","μάκια","kiss CG",,
"item_456","GR17_MEALT","word","games_routines","produces","μαμ","""mealtime - baby word""",,
"item_457","GR18_DON'T","word","games_routines","produces","μη","don't",,
"item_458","GR19_BATH","word","games_routines","produces","μπάνιο","bath",,
"item_459","GR20_YES","word","games_routines","produces","ναι","yes",,
"item_460","GR21_BABY_","word","games_routines","produces","νάνι","""baby word for sleep""",,
"item_461","GR22_BABY_","word","games_routines","produces","ντα","""baby word for naughty""",,
"item_462","GR23_HOLD__CG","word","games_routines","produces","όπα","hold me/up CG",,
"item_463","GR24_NO","word","games_routines","produces","όχι","no",,
"item_464","GR25_CLAP","word","games_routines","produces","παλαμάκια","clap",,
"item_465","GR26_BYE_B","word","games_routines","produces","πά παι","bye bye",,
"item_466","GR27_ALL_G_CG","word","games_routines","produces","πάππαλλα","all gone CG",,
"item_467","GR28_PLEAS","word","games_routines","produces","παρακαλώ","please",,
"item_468","GR28_HOLD_","word","games_routines","produces","πιάσε με","hold me/up",,
"item_469","GR30_WEE_W","word","games_routines","produces","πιπί","wee wee",,
"item_470","GR31_CLAP__CG","word","games_routines","produces","πίσκαλα","clap CG",,
"item_471","GR32_WEE_W_CG","word","games_routines","produces","πισσιά","wee wee CG",,
"item_472","GR33_WATCH","word","games_routines","produces","πρόσεχε","watch it",,
"item_473","GR34_BREAK","word","games_routines","produces","πρωινό","breakfast",,
"item_474","GR35_SNACK","word","games_routines","produces","σνακ","snack",,
"item_475","GR36_SHHH","word","games_routines","produces","σσσ!","shhh",,
"item_476","GR37_ALL_G","word","games_routines","produces","τέλειωσε","all gone",,
"item_477","GR38_BABY__CG","word","games_routines","produces","τέττε","""baby word for naughty"" CG",,
"item_478","GR39_TELEP","word","games_routines","produces","τηλέφωνο","(telephone) call",,
"item_479","GR40_PEEKA","word","games_routines","produces","τσα","peekaboo",,
"item_480","GR41_FOOD_","word","games_routines","produces","φαγητό","food/meal",,
"item_481","GR42_KISS","word","games_routines","produces","φιλάκι","kiss",,
"item_482","GR43_HELLO","word","games_routines","produces","χαλόου","hello",,
"item_483","GR44_UP","word","games_routines","produces","ψηλά","up",,
"item_484","GR45_SHOPP","word","games_routines","produces","ψώνια","shopping",,
"item_485","V1_LOVE","word","action_words","produces","αγαπώ","love",,
"item_486","V1_HUG","word","action_words","produces","αγκαλιάζω","hug",,
"item_487","V3_HEAR_LI","word","action_words","produces","ακούω","hear/listen",,
"item_488","V4_OPEN","word","action_words","produces","ανοίγω","open",,
"item_489","V5_LIKE","word","action_words","produces","αρέσω","like",,
"item_490","V6_CATCH","word","action_words","produces","αρπάζω","catch",,
"item_491","V7_PUT","word","action_words","produces","βάζω","put",,
"item_492","V8_HURRY","word","action_words","produces","βιάζομαι","hurry",,
"item_493","V9_SEE","word","action_words","produces","βλέπω","see",,
"item_494","V10_HELP","word","action_words","produces","βοηθώ","help",,
"item_495","V11_RUN_CG_CG","word","action_words","produces","βουρώ","run CG",,
"item_496","V12_FIND","word","action_words","produces","βρίσκω","find",,
"item_497","V13_STINK","word","action_words","produces","βρωμώ","stink",,
"item_498","V14_TICKLE","word","action_words","produces","γαργαλιέμαι","tickle-PASSIVE",,
"item_499","V15_SCRATC","word","action_words","produces","γδέρνω","scratch",,
"item_500","V16_SCRATC","word","action_words","produces","γρατσουνώ","scratch",,
"item_501","V17_WRITE","word","action_words","produces","γράφω","write",,
"item_502","V18_BITE","word","action_words","produces","δαγκώνω","bite",,
"item_503","V19_SHOW","word","action_words","produces","δείχνω","show",,
"item_504","V20_READ","word","action_words","produces","διαβάζω","read",,
"item_505","V21_GIVE","word","action_words","produces","δίνω","give",,
"item_506","V22_FEEL_T","word","action_words","produces","διψώ","feel thirsty",,
"item_507","V23_FEEL_H","word","action_words","produces","ζεσταίνομαι","feel hot",,
"item_508","V24_PAINT","word","action_words","produces","ζωγραφίζω","paint",,
"item_509","V25_WANT","word","action_words","produces","θέλω","want",,
"item_510","V26_SEE_CG_CG","word","action_words","produces","θορώ","see CG",,
"item_511","V27_DO_MAK","word","action_words","produces","κάνω","do/make",,
"item_512","V28_CLEAN","word","action_words","produces","καθαρίζω","clean",,
"item_513","V29_BURN","word","action_words","produces","καίω","burn",,
"item_514","V30_CRY","word","action_words","produces","κλαίω","cry",,
"item_515","V31_CLOSE","word","action_words","produces","κλείνω","close",,
"item_516","V32_KICK","word","action_words","produces","κλωτσώ","kick",,
"item_517","V33_CUT","word","action_words","produces","κόβω","cut",,
"item_518","V34_SLEEP","word","action_words","produces","κοιμάμαι","sleep",,
"item_519","V35_PUT_SO","word","action_words","produces","κοιμίζω","put someone to sleep",,
"item_520","V36_SWIM","word","action_words","produces","κολυμπώ","swim",,
"item_521","V37_MOVE-P","word","action_words","produces","κουνιέμαι","move-PASSIVE",,
"item_522","V38_PUSH_C_CG","word","action_words","produces","κουντώ","push CG",,
"item_523","V39_MOVE","word","action_words","produces","κουνώ","move",,
"item_524","V40_FEEL_T","word","action_words","produces","κουράζομαι","feel tired",,
"item_525","V41_BANG_H","word","action_words","produces","κουτουλλώ","bang head",,
"item_526","V42_BURN_C_CG","word","action_words","produces","κρούζω","burn CG",,
"item_527","V43_HIDE","word","action_words","produces","κρύβομαι","hide",,
"item_528","V44_CHASE","word","action_words","produces","κυνηγώ","chase",,
"item_529","V45_SAY_CG_CG","word","action_words","produces","λαλώ","say CG",,
"item_530","V46_SAY","word","action_words","produces","λέω","say",,
"item_531","V47_FEEL_S","word","action_words","produces","λυπάμαι","feel sorry",,
"item_532","V48_SMELL_","word","action_words","produces","μυρίζομαι","smell something",,
"item_533","V49_SMELL_","word","action_words","produces","μυρίζω","smell/give out odour",,
"item_534","V50_FEEL_S","word","action_words","produces","νυστάζω","feel sleepy",,
"item_535","V51_KNOW","word","action_words","produces","ξέρω","know",,
"item_536","V52_FORGET","word","action_words","produces","ξεχνώ","forget",,
"item_537","V53_WAKE","word","action_words","produces","ξυπνώ","wake",,
"item_538","V54_DRIVE","word","action_words","produces","οδηγώ","drive",,
"item_539","V55_PLAY","word","action_words","produces","παίζω","play",,
"item_540","V56_GET","word","action_words","produces","παίρνω","get",,
"item_541","V57_GO","word","action_words","produces","πάω","go",,
"item_542","V58_FEEL_H","word","action_words","produces","πεινώ","feel hungry",,
"item_543","V59_WALK","word","action_words","produces","περπατώ","walk",,
"item_544","V60_FLY","word","action_words","produces","πετώ","fly",,
"item_545","V61_FALL","word","action_words","produces","πέφτω","fall",,
"item_546","V62_JUMP","word","action_words","produces","πηδώ","jump",,
"item_547","V63_DRINK","word","action_words","produces","πίνω","drink",,
"item_548","V64_WASH-P","word","action_words","produces","πλένομαι","wash-PASSIVE",,
"item_549","V65_WASH","word","action_words","produces","πλένω","wash",,
"item_550","V66_WASH-P_CG","word","action_words","produces","πλυνίσκουμαι","wash-PASSIVE CG",,
"item_551","V67_WASH_C_CG","word","action_words","produces","πλυνίσκω","wash CG",,
"item_552","V68_FEEL_P","word","action_words","produces","πονώ","feel pain/hurt",,
"item_553","V69_FEEL_H_CG","word","action_words","produces","πυρώννω","feel hot CG",,
"item_554","V70_THROW","word","action_words","produces","ρίχνω","throw",,
"item_555","V71_WIPE-P","word","action_words","produces","σκουπίζομαι","wipe-PASSIVE",,
"item_556","V72_WIPE","word","action_words","produces","σκουπίζω","wipe",,
"item_557","V73_SWING-","word","action_words","produces","σούζομαι","swing-PASSIVE",,
"item_558","V74_SWING","word","action_words","produces","σούζω","swing",,
"item_559","V75_BREAK","word","action_words","produces","σπάζω","break",,
"item_560","V76_PUSH","word","action_words","produces","σπρώχνω","push",,
"item_561","V77_STOP","word","action_words","produces","σταματώ","stop",,
"item_562","V78_THROW__CG","word","action_words","produces","σύρνω","throw CG",,
"item_563","V79_FEED","word","action_words","produces","ταΐζω","feed",,
"item_564","V80_FINISH","word","action_words","produces","τελειώνω","finish",,
"item_565","V81_CALL_P","word","action_words","produces","τηλεφωνώ","call (phone)",,
"item_566","V82_PULL","word","action_words","produces","τραβώ","pull",,
"item_567","V83_SING","word","action_words","produces","τραγουδώ","sing",,
"item_568","V84_RUN","word","action_words","produces","τρέχω","run",,
"item_569","V85_EAT","word","action_words","produces","τρώω","eat",,
"item_570","V86_SCRATC_CG","word","action_words","produces","τσανιάζω","scratch CG",,
"item_571","V87_HIT_CG_CG","word","action_words","produces","φακκώ","hit CG",,
"item_572","V88_KISS","word","action_words","produces","φιλώ","kiss",,
"item_573","V89_BRING","word","action_words","produces","φέρνω","bring",,
"item_574","V90_LEAVE","word","action_words","produces","φεύγω","leave",,
"item_575","V91_FEEL_A","word","action_words","produces","φοβάμαι","feel afraid",,
"item_576","V92_SHOUT","word","action_words","produces","φωνάζω","shout",,
"item_577","V93_DANCE","word","action_words","produces","χορεύω","dance",,
"item_578","V94_HIT","word","action_words","produces","χτυπώ","hit",,
"item_579","V95_HIDE-P_CG","word","action_words","produces","χώνουμαι","hide-PASSIVE CG",,
"item_580","V96_HIDE_C_CG","word","action_words","produces","χώνω","hide CG",,
"item_581","D1_EMPTY","word","descriptive_words","produces","άδειο","empty",,
"item_582","D2_SLOW","word","descriptive_words","produces","αργό","slow",,
"item_583","D3_ΑΣΦΘΛ","word","descriptive_words","produces","απαίσιο","αςφθλ",,
"item_584","D4_SICK","word","descriptive_words","produces","άρρωστο","sick",,
"item_585","D5_NAUGHTY","word","descriptive_words","produces","άταχτο","naughty",,
"item_586","D6_HEAVY","word","descriptive_words","produces","βαρύ","heavy",,
"item_587","D7_HEAVY_C_CG","word","descriptive_words","produces","βαρετό","heavy CG",,
"item_588","D8_HOT_CG_CG","word","descriptive_words","produces","βραστό","hot CG",,
"item_589","D9_WET","word","descriptive_words","produces","βρεγμένο","wet",,
"item_590","D10_DIRTY","word","descriptive_words","produces","βρώμικο","dirty",,
"item_591","D11_FULL","word","descriptive_words","produces","γεμάτο","full",,
"item_592","D12_SWEET","word","descriptive_words","produces","γλυκό","sweet",,
"item_593","D13_QUICK_","word","descriptive_words","produces","γρήγορο","quick/fast",,
"item_594","D14_HARD","word","descriptive_words","produces","δύσκολο","hard",,
"item_595","D15_STRONG","word","descriptive_words","produces","δυνατό","strong",,
"item_596","D16_KIND","word","descriptive_words","produces","ευγενικό","kind",,
"item_597","D17_HOT","word","descriptive_words","produces","ζεστό","hot",,
"item_598","D18_QUIET","word","descriptive_words","produces","ήσυχο","quiet",,
"item_599","D19_CLEAN","word","descriptive_words","produces","καθαρό","clean",,
"item_600","D20_NEW","word","descriptive_words","produces","καινούριο","new",,
"item_601","D21_BAD","word","descriptive_words","produces","κακό","bad",,
"item_602","D22_GOOD","word","descriptive_words","produces","καλό","good",,
"item_603","D23_TIRED","word","descriptive_words","produces","κουρασμένο","tired",,
"item_604","D24_COLD","word","descriptive_words","produces","κρύο","cold",,
"item_605","D25_THIN","word","descriptive_words","produces","λεπτό","thin",,
"item_606","D26_DIRTY","word","descriptive_words","produces","λερωμένο","dirty",,
"item_607","D27_SAD","word","descriptive_words","produces","λυπημένο","sad",,
"item_608","D28_SOFT","word","descriptive_words","produces","μαλακό","soft",,
"item_609","D29_BIG","word","descriptive_words","produces","μεγάλο","big",,
"item_610","D30_SMALL","word","descriptive_words","produces","μικρό","small",,
"item_611","D31_SMALL__CG","word","descriptive_words","produces","μιτσί","small CG",,
"item_612","D32_NEW","word","descriptive_words","produces","νέο","new",,
"item_613","D33_DELICI","word","descriptive_words","produces","νόστιμο","delicious",,
"item_614","D34_DIRTY__CG","word","descriptive_words","produces","ξιμαρισμένο","dirty CG",,
"item_615","D35_BEAUTI","word","descriptive_words","produces","όμορφο","beautiful",,
"item_616","D36_EMPTY__CG","word","descriptive_words","produces","όφκερο","empty CG",,
"item_617","D37_FROZEN","word","descriptive_words","produces","παγωμένο","frozen",,
"item_618","D38_OLD","word","descriptive_words","produces","παλιό","old",,
"item_619","D39_FAT","word","descriptive_words","produces","παχύ","fat",,
"item_620","D40_CRAZY__CG","word","descriptive_words","produces","πελλό","crazy CG",,
"item_621","D41_FIRST","word","descriptive_words","produces","πρώτο","first",,
"item_622","D42_HARD","word","descriptive_words","produces","σκληρό","hard",,
"item_623","D43_DARK","word","descriptive_words","produces","σκοτεινό","dark",,
"item_624","D44_BROKEN","word","descriptive_words","produces","σπασμένο","broken",,
"item_625","D45_DRY","word","descriptive_words","produces","στεγνό","dry",,
"item_626","D46_LAST","word","descriptive_words","produces","τελευταίο","last",,
"item_627","D47_CRAZY","word","descriptive_words","produces","τρελό","crazy",,
"item_628","D48_HAPPY","word","descriptive_words","produces","χαρούμενο","happy",,
"item_629","D49_TALL","word","descriptive_words","produces","ψηλό","tall",,
"item_630","D50_NICE","word","descriptive_words","produces","ωραίο","nice",,
"item_631","P1_YARD","word","places","produces","αυλή","yard",,
"item_632","P2_GAZ_STA","word","places","produces","βενζινάδικο","gaz station",,
"item_633","P3_MOUNTAI","word","places","produces","βουνό","mountain",,
"item_634","P4_BIRTHDA","word","places","produces","γενέθλια","birthday (party)",,
"item_635","P5_WORK","word","places","produces","δουλειά","work",,
"item_636","P6_CHURCH","word","places","produces","εκκλησία","church",,
"item_637","P7_RESTAUR","word","places","produces","εστιατόριο","restaurant",,
"item_638","P8_ZOO","word","places","produces","ζωολογικός κήπος","zoo",,
"item_639","P9_SEA","word","places","produces","θάλασσα","sea",,
"item_640","P10_SHOP","word","places","produces","κατάστημα","shop",,
"item_641","P11_RESTAU_CG","word","places","produces","κέντρο","restaurant CG",,
"item_642","P12_GARDEN","word","places","produces","κήπος","garden",,
"item_643","P13_FUN_PA","word","places","produces","λούνα παρκ","fun park",,
"item_644","P14_SHOP_C_CG","word","places","produces","μαγαζί","shop CG",,
"item_645","P15_BEACH","word","places","produces","παραλία","beach",,
"item_646","P16_PARK","word","places","produces","πάρκο","park",,
"item_647","P17_PARTY","word","places","produces","πάρτυ","party",,
"item_648","P18_GAZ_ST_CG","word","places","produces","πεζίνα","gaz station CG",,
"item_649","P19_POOL","word","places","produces","πισίνα","pool",,
"item_650","P20_CINEMA","word","places","produces","σινεμά","cinema",,
"item_651","P21_HOUSE","word","places","produces","σπίτι","house",,
"item_652","P22_SCHOOL","word","places","produces","σχολείο","school",,
"item_653","P23_CIRCUS","word","places","produces","τσίρκο","circus",,
"item_654","P24_VILLAG","word","places","produces","χωριό","village",,
"item_655","AQ1_OTHER_","word","articles","produces","άλλη","other (female singular)",,
"item_656","AQ2_OTHER_","word","articles","produces","άλλο","other (neutral singular)",,
"item_657","AQ3_OTHER_","word","articles","produces","άλλος","other (male singular)",,
"item_658","AQ4_THE_FE","word","articles","produces","η","the (female singular - definite article)",,
"item_659","AQ5_A_NEUT","word","articles","produces","ένα","a (neutral singular - indefinite article)",,
"item_660","AQ6_A_MALE","word","articles","produces","ένας","a (male singular - indefinite article)",,
"item_661","AQ7_EVERY","word","articles","produces","κάθε","every",,
"item_662","AQ8_MORE","word","articles","produces","κι άλλο","more",,
"item_663","AQ9_A_LITT","word","articles","produces","λίγο","a little",,
"item_664","AQ10_A_FEM","word","articles","produces","μια","a (female singular - indefinite article)",,
"item_665","AQ11_THE_M","word","articles","produces","ο","the (male singular - definite article)",,
"item_666","AQ12_WHOLE","word","articles","produces","όλη","whole (female singular)",,
"item_667","AQ13_WHOLE","word","articles","produces","όλο","whole (neutral singular)",,
"item_668","AQ14_WHOLE","word","articles","produces","όλος","whole (male singular)",,
"item_669","AQ15_AGAIN","word","articles","produces","πάλι","again",,
"item_670","AQ16_MANY_","word","articles","produces","πολλά","many (neutral plural)",,
"item_671","AQ17_MANY_","word","articles","produces","πολλές","many (female singular)",,
"item_672","AQ18_MANY_","word","articles","produces","πολλοί","many (male singular)",,
"item_673","AQ19_A_LOT","word","articles","produces","πολύ","a lot/very",,
"item_674","AQ20_THE_N","word","articles","produces","το","the (neutral singular - definite article)",,
"item_675","AQ21_THE_N","word","articles","produces","τα","the (neutral plural - definite article)",,
"item_676","P1_THIS_FE","word","pronouns","produces","αυτή","this (female singular)",,
"item_677","P2_THIS_NE","word","pronouns","produces","αυτό","this (neutral singular)",,
"item_678","P3_THIS_MA","word","pronouns","produces","αυτός","this (male singular)",,
"item_679","P4_MINE","word","pronouns","produces","δικό μου","mine",,
"item_680","P5_YOURS","word","pronouns","produces","δικό σου","yours",,
"item_681","P6_HIS","word","pronouns","produces","δικό του","his",,
"item_682","P7_I","word","pronouns","produces","εγώ","I",,
"item_683","P8_THAT_FE","word","pronouns","produces","εκείνη","that (female singular)",,
"item_684","P9_THAT_NE","word","pronouns","produces","εκείνο","that (neutral singular)",,
"item_685","P10_THAT_M","word","pronouns","produces","εκείνος","that (male singular)",,
"item_686","P11_WE","word","pronouns","produces","εμείς","we",,
"item_687","P12_YOU_PL","word","pronouns","produces","εσείς","you (plural)",,
"item_688","P13_YOU_SI","word","pronouns","produces","εσύ","you (singular)",,
"item_689","P14_ME_ACC","word","pronouns","produces","με (αγαπά)","me (accusative)",,
"item_690","P15_ME_GEN","word","pronouns","produces","μου (λέει)","me (genitive)",,
"item_691","P16_YOU_AC","word","pronouns","produces","σε (αγαπώ)","you (accusative)",,
"item_692","P17_YOU_GE","word","pronouns","produces","σου (μιλώ)","you (genitive)",,
"item_693","P18_HER_AC","word","pronouns","produces","την (αγαπώ)","her (accusative)",,
"item_694","P19_IT_ACC","word","pronouns","produces","το (αγαπώ)","it (accusative)",,
"item_695","P20_HIM_AC","word","pronouns","produces","τον (αγαπώ)","him (accusative)",,
"item_696","P21_HIM_IT","word","pronouns","produces","του (μιλώ)","him/it (genitive)",,
"item_697","P22_THAT_C_CG","word","pronouns","produces","τζείνη","that CG (female singular)",,
"item_698","P23_THAT_C_CG","word","pronouns","produces","τζείνο","that CG (neutral singular)",,
"item_699","P24_THAT_C_CG","word","pronouns","produces","τζείνος","that CG (male singular)",,
"item_700","P25_THIS_C_CG","word","pronouns","produces","τούτη","this CG (female singular)",,
"item_701","P26_THIS_C_CG","word","pronouns","produces","τούτο","this CG (neutral singular)",,
"item_702","P27_THIS_C_CG","word","pronouns","produces","τούτος","this CG (male singular)",,
"item_703","P1_OVER_HE","word","locations","produces","απ'εκεί","over here",,
"item_704","P2_OVER_TH","word","locations","produces","απο'δώ","over there",,
"item_705","P3_FOR","word","locations","produces","για","for",,
"item_706","P4_AROUND","word","locations","produces","γύρω","around",,
"item_707","P5_AROUND_","word","locations","produces","γύρω από/που","around (of)",,
"item_708","P6_HERE_CG_CG","word","locations","produces","δαμέ","here CG",,
"item_709","P7_NEXT","word","locations","produces","δίπλα","next",,
"item_710","P8_NEXT_TO","word","locations","produces","δίπλα από/που","next to",,
"item_711","P9_HERE","word","locations","produces","εδώ","here",,
"item_712","P10_THERE","word","locations","produces","εκεί","there",,
"item_713","P11_OUTSID","word","locations","produces","έξω","outside",,
"item_714","P12_OUT_OF","word","locations","produces","έξω από/που","out of",,
"item_715","P13_UNDER","word","locations","produces","κάτω","under",,
"item_716","P14_UNDER_","word","locations","produces","κάτω από/που","under (of)",,
"item_717","P15_TOGETH","word","locations","produces","μαζί","together",,
"item_718","P16_TOGETH","word","locations","produces","μαζί με","together with",,
"item_719","P17_FAR","word","locations","produces","μακρυά","far",,
"item_720","P18_FAR_FR","word","locations","produces","μακρυά από/που","far from",,
"item_721","P19_WITH","word","locations","produces","με","with",,
"item_722","P20_INSIDE","word","locations","produces","μέσα","inside",,
"item_723","P21_INSIDE","word","locations","produces","μέσα σε","inside of",,
"item_724","P22_ABOVE","word","locations","produces","πάνω","above",,
"item_725","P23_ABOVE_","word","locations","produces","πάνω από","above (of)",,
"item_726","P24_ON_TOP","word","locations","produces","πάνω σε","on top of",,
"item_727","P25_BEHIND","word","locations","produces","πίσω","behind",,
"item_728","P26_BEHIND","word","locations","produces","πίσω από/που","behind (of)",,
"item_729","P27_OVER_H_CG","word","locations","produces","ποδά","over here CG",,
"item_730","P28_OVER_T_CG","word","locations","produces","ποτζεί","over there CG",,
"item_731","P29_IN_AT","word","locations","produces","σε","in/at",,
"item_732","P30_THERE__CG","word","locations","produces","τζιαμέ","there CG",,
"item_733","CS1_WHITE","word","descriptive_words","produces","άσπρο","white",,
"item_734","CS2_LIGHT_","word","descriptive_words","produces","γαλάζιο","light blue",,
"item_735","CS3_BROWN","word","descriptive_words","produces","καφέ","brown",,
"item_736","CS4_YELLOW","word","descriptive_words","produces","κίτρινο","yellow",,
"item_737","CS5_RED","word","descriptive_words","produces","κόκκινο","red",,
"item_738","CS6_CIRCLE","word","descriptive_words","produces","κύκλος","circle",,
"item_739","CS7_BLACK","word","descriptive_words","produces","μαύρο","black",,
"item_740","CS8_BLUE","word","descriptive_words","produces","μπλε","blue",,
"item_741","CS9_PURPLE","word","descriptive_words","produces","μωβ","purple",,
"item_742","CS10_ORANG","word","descriptive_words","produces","πορτοκαλί","orange",,
"item_743","CS11_GREEN","word","descriptive_words","produces","πράσινο","green",,
"item_744","CS12_PINK","word","descriptive_words","produces","ροζ","pink",,
"item_745","CS13_SQUAR","word","descriptive_words","produces","τετράγωνο","square",,
"item_746","CS14_TRIAN","word","descriptive_words","produces","τρίγωνο","triangle",,
"item_747","N1_TEN","word","quantifiers","produces","δέκα","ten",,
"item_748","N2_TENTH","word","quantifiers","produces","δέκατος","tenth",,
"item_749","N3_SECOND","word","quantifiers","produces","δεύτερος","second",,
"item_750","N4_TWO","word","quantifiers","produces","δύο","two",,
"item_751","N5_SEVENTH","word","quantifiers","produces","έβδομος","seventh",,
"item_752","N6_SIXTH","word","quantifiers","produces","έκτος","sixth",,
"item_753","N7_ONE","word","quantifiers","produces","ένα","one",,
"item_754","N8_NINTH","word","quantifiers","produces","ένατος","ninth",,
"item_755","N9_NINE","word","quantifiers","produces","εννιά","nine",,
"item_756","N10_SIX","word","quantifiers","produces","έξι","six",,
"item_757","N11_SEVEN","word","quantifiers","produces","εφτά","seven",,
"item_758","N12_ZERO","word","quantifiers","produces","μηδέν","zero",,
"item_759","N13_EIGHTH","word","quantifiers","produces","όγδοος","eighth",,
"item_760","N14_EIGHT","word","quantifiers","produces","οχτώ","eight",,
"item_761","N15_FIFTH","word","quantifiers","produces","πέμπτος","fifth",,
"item_762","N16_FIVE","word","quantifiers","produces","πέντε","five",,
"item_763","N17_FIRST","word","quantifiers","produces","πρώτος","first",,
"item_764","N18_FOURTH","word","quantifiers","produces","τέταρτος","fourth",,
"item_765","N19_FOUR","word","quantifiers","produces","τέσσερα","four",,
"item_766","N20_THREE","word","quantifiers","produces","τρία","three",,
"item_767","N21_THIRD","word","quantifiers","produces","τρίτος","third",,
"item_768","MV1_I_AM","word","helping_verbs","produces","είμαι","(I) am",,
"item_769","MV2_WE_ARE","word","helping_verbs","produces","είμαστε","(We) are",,
"item_770","MV3_HE_SHE","word","helping_verbs","produces","είναι","(he/she/it) is/ (they) are",,
"item_771","MV4_YOU_AR","word","helping_verbs","produces","είσαι","(You) are (singular)",,
"item_772","MV5_YOU_AR","word","helping_verbs","produces","είσαστε","(You) are (plural)",,
"item_773","MV6_I_HAD","word","helping_verbs","produces","είχα","(I) had",,
"item_774","MV7_WE_HAD","word","helping_verbs","produces","είχαμε","(We) had",,
"item_775","MV8_YOU_HA","word","helping_verbs","produces","είχατε","(You) had (plural)",,
"item_776","MV9_HE_SHE","word","helping_verbs","produces","είχε","(he/she/it) had",,
"item_777","MV10_YOU_H","word","helping_verbs","produces","είχες","(You) had (singular)",,
"item_778","MV11_HE_SH_CG","word","helping_verbs","produces","εν/ένι","(he/she/it) is/ (they) are CG",,
"item_779","MV12_I_HAV","word","helping_verbs","produces","έχω","(I) have",,
"item_780","MV13_I_DID","word","helping_verbs","produces","έκανα","(I) did",,
"item_781","MV14_I_WAS","word","helping_verbs","produces","ήμουν","(I) was",,
"item_782","MV15_YOU_W","word","helping_verbs","produces","ήσουν","(You) were (singular)",,
"item_783","MV16_HE_SH","word","helping_verbs","produces","ήταν","(he/she/it) was/ (they) were",,
"item_784","MV17_I_CAN","word","helping_verbs","produces","μπορώ","(I) can",,
"item_785","MV18_MUST_","word","helping_verbs","produces","πρέπει","must/should",,
"item_786","C1_BUT","word","connecting_words","produces","αλλά","but",,
"item_787","C2_IF","word","connecting_words","produces","αν","if",,
"item_788","C3_WILL_CG_CG","word","connecting_words","produces","εννά","will CG",,
"item_789","C4_OR","word","connecting_words","produces","ή","or",,
"item_790","C5_WILL","word","connecting_words","produces","θα","will",,
"item_791","C6_AND","word","connecting_words","produces","και","and",,
"item_792","C7_SUBJECT","word","connecting_words","produces","να","""subjective particle""",,
"item_793","C8_BUT","word","connecting_words","produces","όμως","but",,
"item_794","C9_OR_CG_CG","word","connecting_words","produces","όξα","or CG",,
"item_795","TW1_TONIGH","word","time_words","produces","απόψε","tonight",,
"item_796","TW2_TOMORR","word","time_words","produces","αύριο","tomorrow",,
"item_797","TW3_DAY","word","time_words","produces","μέρα","day",,
"item_798","TW4_NOON","word","time_words","produces","μεσημέρι","noon",,
"item_799","TW5_NIGHT","word","time_words","produces","νύχτα","night",,
"item_800","TW6_BEFORE","word","time_words","produces","πριν","before",,
"item_801","TW7_MORNIN","word","time_words","produces","πρωί","morning",,
"item_802","TW8_TODAY","word","time_words","produces","σήμερα","today",,
"item_803","TW9_NOW","word","time_words","produces","τώρα","now",,
"item_804","TW10_YESTE","word","time_words","produces","χθες","yesterday",,
"item_805","TW11_LATER","word","time_words","produces","ύστερα","later",,
"item_806","TW12_TIME","word","time_words","produces","ώρα","time",,
"item_807","Q1_WHY","word","question_words","produces","γιατί","why",,
"item_808","Q2_WHAT_CG_CG","word","question_words","produces","είντα","what CG",,
"item_809","Q3_HOW_CG_CG","word","question_words","produces","είνταλος","how CG",,
"item_810","Q4_WHAT_CG_CG","word","question_words","produces","είνταμπου","what CG",,
"item_811","Q5_WHO_FEM","word","question_words","produces","ποια","who (female singular)",,
"item_812","Q6_WHAT_SI","word","question_words","produces","ποιο","what (singular)",,
"item_813","Q7_WHO_MAL","word","question_words","produces","ποιος","who (male singular)",,
"item_814","Q8_WHERE_F_CG","word","question_words","produces","πόθεν","where from CG",,
"item_815","Q9_WHEN","word","question_words","produces","πότε","when",,
"item_816","Q10_WHERE","word","question_words","produces","πού","where",,
"item_817","Q11_HOW","word","question_words","produces","πώς","how",,
"item_818","Q12_WHAT","word","question_words","produces","τι","what",,
