itemID,item,type,category,choices,definition,gloss,complexity_category
item_1,i_1_1,word,sounds,produces,au,sheep,
item_2,i_1_2,word,sounds,produces,bææ,bææ,
item_3,i_1_3,word,sounds,produces,brrr (bil-lyd),brr (car audio),
item_4,i_1_4,word,sounds,produces,gakk gakk,gakk gakk,
item_5,i_1_5,word,sounds,produces,grr,grrr,
item_6,i_1_6,word,sounds,produces,kykeliky,kykeliky,
item_7,i_1_7,word,sounds,produces,mjau,meow,
item_8,i_1_8,word,sounds,produces,møø,Need we say,
item_9,i_1_9,word,sounds,produces,nam - nam,nam - nam,
item_10,i_1_10,word,sounds,produces,oi (uttrykk for overraskelse),oi (expressed surprise),
item_11,i_1_11,word,sounds,produces,tøff-tøff,tough-tough,
item_12,i_1_12,word,sounds,produces,voff voff,voff voff,
item_13,i_2_1,word,animals,produces,(meite)mark,(Earthworms) mark,
item_14,i_2_2,word,animals,produces,and,duck,
item_15,i_2_3,word,animals,produces,apekatt,monkey,
item_16,i_2_4,word,animals,produces,bjørn,Bears,
item_17,i_2_5,word,animals,produces,dyr,animals,
item_18,i_2_6,word,animals,produces,ekorn,Squirrel,
item_19,i_2_7,word,animals,produces,elefant,elephant,
item_20,i_2_8,word,animals,produces,elg,moose,
item_21,i_2_9,word,animals,produces,esel,ass,
item_22,i_2_10,word,animals,produces,fisk,fish,
item_23,i_2_11,word,animals,produces,flue,fly,
item_24,i_2_12,word,animals,produces,frosk,frog,
item_25,i_2_13,word,animals,produces,fugl,bird,
item_26,i_2_14,word,animals,produces,gås,goose,
item_27,i_2_15,word,animals,produces,gris,pig,
item_28,i_2_16,word,animals,produces,hane,rooster,
item_29,i_2_17,word,animals,produces,hest,horse,
item_30,i_2_18,word,animals,produces,høne,hen,
item_31,i_2_19,word,animals,produces,hund,dog,
item_32,i_2_20,word,animals,produces,kanin,rabbit,
item_33,i_2_21,word,animals,produces,katt,cat,
item_34,i_2_22,word,animals,produces,kattunge,kitten,
item_35,i_2_23,word,animals,produces,krokodille,crocodile,
item_36,i_2_24,word,animals,produces,ku,cow,
item_37,i_2_25,word,animals,produces,kylling,chicken,
item_38,i_2_26,word,animals,produces,lam,lamb,
item_39,i_2_27,word,animals,produces,(leke)bamse,(Play) teddy bear,
item_40,i_2_28,word,animals,produces,løve,lion,
item_41,i_2_29,word,animals,produces,maur,ants,
item_42,i_2_30,word,animals,produces,mus,mouse,
item_43,i_2_31,word,animals,produces,mygg,mosquito,
item_44,i_2_32,word,animals,produces,pingvin,Penguin,
item_45,i_2_33,word,animals,produces,ponni,pony,
item_46,i_2_34,word,animals,produces,reinsdyr,reindeer,
item_47,i_2_35,word,animals,produces,sau,sheep,
item_48,i_2_36,word,animals,produces,sebra,zebra,
item_49,i_2_37,word,animals,produces,sjiraff,giraffe,
item_50,i_2_38,word,animals,produces,skilpadde,tortoise,
item_51,i_2_39,word,animals,produces,sommerfugl,butterfly,
item_52,i_2_40,word,animals,produces,tiger,tiger,
item_53,i_2_41,word,animals,produces,ugle,owl,
item_54,i_2_42,word,animals,produces,ulv,wolf,
item_55,i_2_43,word,animals,produces,valp,Puppy,
item_56,i_2_44,word,animals,produces,veps,wasp,
item_57,i_3_1,word,vehicles,produces,akebrett,sledges,
item_58,i_3_2,word,vehicles,produces,barnevogn,stroller,
item_59,i_3_3,word,vehicles,produces,bil,car,
item_60,i_3_4,word,vehicles,produces,brannbil,fire truck,
item_61,i_3_5,word,vehicles,produces,båt,boat,
item_62,i_3_6,word,vehicles,produces,buss,coach,
item_63,i_3_7,word,vehicles,produces,fly,plane,
item_64,i_3_8,word,vehicles,produces,helikopter,helicopter,
item_65,i_3_9,word,vehicles,produces,lastebil,truck,
item_66,i_3_10,word,vehicles,produces,motorsykkel,motorcycle,
item_67,i_3_11,word,vehicles,produces,sykkel,bicycle,
item_68,i_3_12,word,vehicles,produces,tog,train,
item_69,i_3_13,word,vehicles,produces,traktor,tractor,
item_70,i_3_14,word,vehicles,produces,trehjulssykkel,tricycle,
item_71,i_4_1,word,toys,produces,ball,prom,
item_72,i_4_2,word,toys,produces,ballong,balloon,
item_73,i_4_3,word,toys,produces,blyant,pencil,
item_74,i_4_4,word,toys,produces,bok,book,
item_75,i_4_5,word,toys,produces,klosser,bricks,
item_76,i_4_6,word,toys,produces,dukke,baby doll,
item_77,i_4_7,word,toys,produces,lego,Lego,
item_78,i_4_8,word,toys,produces,eventyr,fairy tales,
item_79,i_4_9,word,toys,produces,fargeblyant,crayon,
item_80,i_4_10,word,toys,produces,presang,gift,
item_81,i_4_11,word,toys,produces,kritt,chalk,
item_82,i_4_12,word,toys,produces,leke,play,
item_83,i_4_13,word,toys,produces,lim,glue,
item_84,i_4_14,word,toys,produces,penn,pen,
item_85,i_4_15,word,toys,produces,plastilina,plasticine,
item_86,i_4_16,word,toys,produces,puslespill,jigsaw puzzle,
item_87,i_4_17,word,toys,produces,spill,game,
item_88,i_4_18,word,toys,produces,såpebobler,soap bubbles,
item_89,i_5_1,word,food_drink,produces,(brød)skive,(Bread) slice,
item_90,i_5_2,word,food_drink,produces,agurk,cucumber,
item_91,i_5_3,word,food_drink,produces,appelsin,orange,
item_92,i_5_4,word,food_drink,produces,banan,banana,
item_93,i_5_5,word,food_drink,produces,boller,bowls,
item_94,i_5_6,word,food_drink,produces,bønner,beans,
item_95,i_5_7,word,food_drink,produces,brød,loaf of bread,
item_96,i_5_8,word,food_drink,produces,brus,soft drinks,
item_97,i_5_9,word,food_drink,produces,cola,Coke,
item_98,i_5_10,word,food_drink,produces,corn flakes,corn flakes,
item_99,i_5_11,word,food_drink,produces,dessert,dessert,
item_100,i_5_12,word,food_drink,produces,drikke,drink,
item_101,i_5_13,word,food_drink,produces,druer,grapes,
item_102,i_5_14,word,food_drink,produces,egg,eggs,
item_103,i_5_15,word,food_drink,produces,eple,apple,
item_104,i_5_16,word,food_drink,produces,erter,peas,
item_105,i_5_17,word,food_drink,produces,fisk,fish,
item_106,i_5_18,word,food_drink,produces,frokostblanding,cereal,
item_107,i_5_19,word,food_drink,produces,frukt,fruit,
item_108,i_5_20,word,food_drink,produces,godteri,candy,
item_109,i_5_21,word,food_drink,produces,grøt,porridge,
item_110,i_5_22,word,food_drink,produces,gulrot,carrot,
item_111,i_5_23,word,food_drink,produces,hamburger,hamburger,
item_112,i_5_24,word,food_drink,produces,is,ice,
item_113,i_5_25,word,food_drink,produces,jordbær,strawberries,
item_114,i_5_26,word,food_drink,produces,juice,juice,
item_115,i_5_27,word,food_drink,produces,kaffe,coffee,
item_116,i_5_28,word,food_drink,produces,kake,cake,
item_117,i_5_29,word,food_drink,produces,kjeks,cookies,
item_118,i_5_30,word,food_drink,produces,kjøtt,meat,
item_119,i_5_31,word,food_drink,produces,kjøttkaker,Meatball,
item_120,i_5_32,word,food_drink,produces,knekkebrød,crispbread,
item_121,i_5_33,word,food_drink,produces,kylling,chicken,
item_122,i_5_34,word,food_drink,produces,leverpostei,liverpaste,
item_123,i_5_35,word,food_drink,produces,mat,food,
item_124,i_5_36,word,food_drink,produces,matpakke,packed,
item_125,i_5_37,word,food_drink,produces,melk,milk,
item_126,i_5_38,word,food_drink,produces,melon,melon,
item_127,i_5_39,word,food_drink,produces,nøtter,nuts,
item_128,i_5_40,word,food_drink,produces,nugatti,Nugatti,
item_129,i_5_41,word,food_drink,produces,ost,cheese,
item_130,i_5_42,word,food_drink,produces,pannekake,pancake,
item_131,i_5_43,word,food_drink,produces,pasta,pasta,
item_132,i_5_44,word,food_drink,produces,pizza,pizza,
item_133,i_5_45,word,food_drink,produces,pølser,hot dogs,
item_134,i_5_46,word,food_drink,produces,pommes frites,french fries,
item_135,i_5_47,word,food_drink,produces,popcorn,popcorn,
item_136,i_5_48,word,food_drink,produces,poteter,potatoes,
item_137,i_5_49,word,food_drink,produces,potetgull,potato chips,
item_138,i_5_50,word,food_drink,produces,ris,rice,
item_139,i_5_51,word,food_drink,produces,ristet brød,toast,
item_140,i_5_52,word,food_drink,produces,rosiner,raisins,
item_141,i_5_53,word,food_drink,produces,saft,squash,
item_142,i_5_54,word,food_drink,produces,salami,salami,
item_143,i_5_55,word,food_drink,produces,salt,salt,
item_144,i_5_56,word,food_drink,produces,saus,sauce,
item_145,i_5_57,word,food_drink,produces,sjokolade,chocolate,
item_146,i_5_58,word,food_drink,produces,smør,butter,
item_147,i_5_59,word,food_drink,produces,spagetti,spaghetti,
item_148,i_5_60,word,food_drink,produces,sukkertøy,Confectionery,
item_149,i_5_61,word,food_drink,produces,suppe,soup,
item_150,i_5_62,word,food_drink,produces,syltetøy,jam,
item_151,i_5_63,word,food_drink,produces,te,tea,
item_152,i_5_64,word,food_drink,produces,tran,cod liver oil,
item_153,i_5_65,word,food_drink,produces,tyggegummi,chewing gum,
item_154,i_5_66,word,food_drink,produces,vafler,waffles,
item_155,i_5_67,word,food_drink,produces,vann,water,
item_156,i_5_68,word,food_drink,produces,yoghurt,yogurt,
item_157,i_6_1,word,clothing,produces,belte,belt,
item_158,i_6_2,word,clothing,produces,bleie,Diaper,
item_159,i_6_3,word,clothing,produces,bukse,pants,
item_160,i_6_4,word,clothing,produces,dress (ute),dress (out),
item_161,i_6_5,word,clothing,produces,genser,sweater,
item_162,i_6_6,word,clothing,produces,glidelås,zipper,
item_163,i_6_7,word,clothing,produces,halskjede,Necklace,
item_164,i_6_8,word,clothing,produces,hansker,gloves,
item_165,i_6_9,word,clothing,produces,jakke,jacket,
item_166,i_6_10,word,clothing,produces,joggesko,sneakers,
item_167,i_6_11,word,clothing,produces,kjole,dress,
item_168,i_6_12,word,clothing,produces,knapper,Buttons,
item_169,i_6_13,word,clothing,produces,lue,cap,
item_170,i_6_14,word,clothing,produces,pysjamas,pajamas,
item_171,i_6_15,word,clothing,produces,regntøy,rainwear,
item_172,i_6_16,word,clothing,produces,sandaler,sandals,
item_173,i_6_17,word,clothing,produces,shorts,shorts,
item_174,i_6_18,word,clothing,produces,skjerf,scarf,
item_175,i_6_19,word,clothing,produces,skjorte,shirt,
item_176,i_6_20,word,clothing,produces,sko,shoe,
item_177,i_6_21,word,clothing,produces,smekke,bib,
item_178,i_6_22,word,clothing,produces,smokk,pacifier,
item_179,i_6_23,word,clothing,produces,sokker,socks,
item_180,i_6_24,word,clothing,produces,støvler,boots,
item_181,i_6_25,word,clothing,produces,strømpebukse,tights,
item_182,i_6_26,word,clothing,produces,strømper,stockings,
item_183,i_6_27,word,clothing,produces,t-skjorte,T-shirt,
item_184,i_6_28,word,clothing,produces,tøfler,slippers,
item_185,i_6_29,word,clothing,produces,underbukse,briefs,
item_186,i_6_30,word,clothing,produces,votter,mittens,
item_187,i_7_1,word,body_parts,produces,ankel,Ankle,
item_188,i_7_2,word,body_parts,produces,ansikt,face,
item_189,i_7_3,word,body_parts,produces,arm,arm,
item_190,i_7_4,word,body_parts,produces,bein,bone,
item_191,i_7_5,word,body_parts,produces,finger,finger,
item_192,i_7_6,word,body_parts,produces,fot,foot,
item_193,i_7_7,word,body_parts,produces,hake,chin,
item_194,i_7_8,word,body_parts,produces,hånd,hand,
item_195,i_7_9,word,body_parts,produces,hår,hair,
item_196,i_7_10,word,body_parts,produces,hode,head,
item_197,i_7_11,word,body_parts,produces,kinn,cheek,
item_198,i_7_12,word,body_parts,produces,kne,knee,
item_199,i_7_13,word,body_parts,produces,lepper,lips,
item_200,i_7_14,word,body_parts,produces,mage,stomach,
item_201,i_7_15,word,body_parts,produces,munn,mouth,
item_202,i_7_16,word,body_parts,produces,navle,belly button,
item_203,i_7_17,word,body_parts,produces,nese,nose,
item_204,i_7_18,word,body_parts,produces,øre,ear,
item_205,i_7_19,word,body_parts,produces,øye,eye,
item_206,i_7_20,word,body_parts,produces,pupp,tit,
item_207,i_7_21,word,body_parts,produces,rumpe,butt,
item_208,i_7_22,word,body_parts,produces,rygg,back,
item_209,i_7_23,word,body_parts,produces,skulder,shoulder,
item_210,i_7_24,word,body_parts,produces,tenner,teeth,
item_211,i_7_25,word,body_parts,produces,tiss,tiss,
item_212,i_7_26,word,body_parts,produces,tunge,tongue,
item_213,i_7_27,word,body_parts,produces,tå,toe,
item_214,i_8_1,word,household,produces,bilde,picture,
item_215,i_8_2,word,household,produces,boks,box,
item_216,i_8_3,word,household,produces,børste,brush,
item_217,i_8_4,word,household,produces,bøtte,bucket,
item_218,i_8_5,word,household,produces,brett,board,
item_219,i_8_6,word,household,produces,briller,glasses,
item_220,i_8_7,word,household,produces,dopapir,dopapir,
item_221,i_8_8,word,household,produces,dyne,duvet,
item_222,i_8_9,word,household,produces,eske,box,
item_223,i_8_10,word,household,produces,fat,barrel,
item_224,i_8_11,word,household,produces,flaske,bottle,
item_225,i_8_12,word,household,produces,gåbil,gåbil,
item_226,i_8_13,word,household,produces,gaffel,fork,
item_227,i_8_14,word,household,produces,glass,glass,
item_228,i_8_15,word,household,produces,hammer,hammer,
item_229,i_8_16,word,household,produces,håndkle,towel,
item_230,i_8_17,word,household,produces,kam,comb,
item_231,i_8_18,word,household,produces,kamera,camera,
item_232,i_8_19,word,household,produces,kasse,Checkout,
item_233,i_8_20,word,household,produces,kjøkkenrull,kitchen roll,
item_234,i_8_21,word,household,produces,klokke,clock,
item_235,i_8_22,word,household,produces,kniv,knife,
item_236,i_8_23,word,household,produces,kopp,cup,
item_237,i_8_24,word,household,produces,kost,costly,
item_238,i_8_25,word,household,produces,krukke,jar,
item_239,i_8_26,word,household,produces,krus,mug,
item_240,i_8_27,word,household,produces,lampe,lamp,
item_241,i_8_28,word,household,produces,lommebok,purse,
item_242,i_8_29,word,household,produces,lys,light,
item_243,i_8_30,word,household,produces,medisin,medicine,
item_244,i_8_31,word,household,produces,nøkler,Keys,
item_245,i_8_32,word,household,produces,papir,paper,
item_246,i_8_33,word,household,produces,penger,money,
item_247,i_8_34,word,household,produces,plante,plant,
item_248,i_8_35,word,household,produces,pute,pillow,
item_249,i_8_36,word,household,produces,radio,radio,
item_250,i_8_37,word,household,produces,saks,scissors,
item_251,i_8_38,word,household,produces,såpe,soap,
item_252,i_8_39,word,household,produces,sekk,sack,
item_253,i_8_40,word,household,produces,serviett,napkin,
item_254,i_8_41,word,household,produces,skål,Cheers,
item_255,i_8_42,word,household,produces,skje,spoon,
item_256,i_8_43,word,household,produces,søppel,trash,
item_257,i_8_44,word,household,produces,søppelbøtte,trash can,
item_258,i_8_45,word,household,produces,støvsuger,vacuum cleaner,
item_259,i_8_46,word,household,produces,tallerken,plate,
item_260,i_8_47,word,household,produces,tannbørste,toothbrush,
item_261,i_8_48,word,household,produces,telefon,phone,
item_262,i_8_49,word,household,produces,teppe,blanket,
item_263,i_8_50,word,household,produces,veske,handbag,
item_264,i_9_1,word,furniture_rooms,produces,bad,bathroom,
item_265,i_9_2,word,furniture_rooms,produces,badekar,bathtub,
item_266,i_9_3,word,furniture_rooms,produces,balkong,balcony,
item_267,i_9_4,word,furniture_rooms,produces,barneseng,cot,
item_268,i_9_5,word,furniture_rooms,produces,barnestol,Highchair,
item_269,i_9_6,word,furniture_rooms,produces,bord,table,
item_270,i_9_7,word,furniture_rooms,produces,do,do,
item_271,i_9_8,word,furniture_rooms,produces,dør,dies,
item_272,i_9_9,word,furniture_rooms,produces,dusj,shower,
item_273,i_9_10,word,furniture_rooms,produces,garasje,garage,
item_274,i_9_11,word,furniture_rooms,produces,gyngestol,rocking chair,
item_275,i_9_12,word,furniture_rooms,produces,kjeller,basement,
item_276,i_9_13,word,furniture_rooms,produces,kjøkken,kitchen,
item_277,i_9_14,word,furniture_rooms,produces,kjøleskap,refrigerator,
item_278,i_9_15,word,furniture_rooms,produces,komfyr,stove,
item_279,i_9_16,word,furniture_rooms,produces,lekegrind,playpen,
item_280,i_9_17,word,furniture_rooms,produces,ovn,oven,
item_281,i_9_18,word,furniture_rooms,produces,PC,PC,
item_282,i_9_19,word,furniture_rooms,produces,potte,Potty,
item_283,i_9_20,word,furniture_rooms,produces,rom,rom,
item_284,i_9_21,word,furniture_rooms,produces,seng,bed,
item_285,i_9_22,word,furniture_rooms,produces,skap,cupboard,
item_286,i_9_23,word,furniture_rooms,produces,skuff,Tray,
item_287,i_9_24,word,furniture_rooms,produces,sofa,sofa,
item_288,i_9_25,word,furniture_rooms,produces,soverom,bedroom,
item_289,i_9_26,word,furniture_rooms,produces,stol,chair,
item_290,i_9_27,word,furniture_rooms,produces,stue,living room,
item_291,i_9_28,word,furniture_rooms,produces,terrasse,terrace,
item_292,i_9_29,word,furniture_rooms,produces,tørketrommel,dryer,
item_293,i_9_30,word,furniture_rooms,produces,trapp,staircase,
item_294,i_9_31,word,furniture_rooms,produces,TV,Television,
item_295,i_9_32,word,furniture_rooms,produces,vask,wash,
item_296,i_9_33,word,furniture_rooms,produces,vaskemaskin,washing machine,
item_297,i_9_34,word,furniture_rooms,produces,vindu,window,
item_298,i_10_1,word,outside,produces,badebasseng,swimming pool,
item_299,i_10_2,word,outside,produces,bakgård,Backyard,
item_300,i_10_3,word,outside,produces,blomst,flower,
item_301,i_10_4,word,outside,produces,fjell,mountain,
item_302,i_10_5,word,outside,produces,flagg,flag,
item_303,i_10_6,word,outside,produces,fortau,pavement,
item_304,i_10_7,word,outside,produces,gress,grass,
item_305,i_10_8,word,outside,produces,gressklipper,lawn mower,
item_306,i_10_9,word,outside,produces,himmel,heaven,
item_307,i_10_10,word,outside,produces,huske,remember,
item_308,i_10_11,word,outside,produces,kjelke,toboggan,
item_309,i_10_12,word,outside,produces,måne,moon,
item_310,i_10_13,word,outside,produces,pinne,stick,
item_311,i_10_14,word,outside,produces,regn,rain,
item_312,i_10_15,word,outside,produces,sandkasse,sandpit,
item_313,i_10_16,word,outside,produces,sklie,slide,
item_314,i_10_17,word,outside,produces,skyer,clouds,
item_315,i_10_18,word,outside,produces,snø,snow,
item_316,i_10_19,word,outside,produces,snømann,snowman,
item_317,i_10_20,word,outside,produces,sol,sun,
item_318,i_10_21,word,outside,produces,spade,shovel,
item_319,i_10_22,word,outside,produces,steiner,stones,
item_320,i_10_23,word,outside,produces,stige,step ladder,
item_321,i_10_24,word,outside,produces,stjerner,stars,
item_322,i_10_25,word,outside,produces,tak,ceiling,
item_323,i_10_26,word,outside,produces,trampoline,trampoline,
item_324,i_10_27,word,outside,produces,tre,three,
item_325,i_10_28,word,outside,produces,vann,water,
item_326,i_10_29,word,outside,produces,vannslange,water hose,
item_327,i_10_30,word,outside,produces,vei,road,
item_328,i_10_31,word,outside,produces,vind,wind,
item_329,i_11_1,word,places,produces,bensinstasjon,gas station,
item_330,i_11_2,word,places,produces,bondegård,Farm,
item_331,i_11_3,word,places,produces,butikk,shop,
item_332,i_11_4,word,places,produces,byen,the city,
item_333,i_11_5,word,places,produces,campingplass,camping site,
item_334,i_11_6,word,places,produces,dyrehage,zoo,
item_335,i_11_7,word,places,produces,fest,fest,
item_336,i_11_8,word,places,produces,hage,garden,
item_337,i_11_9,word,places,produces,hjem,home,
item_338,i_11_10,word,places,produces,hus,house,
item_339,i_11_11,word,places,produces,jobb,job,
item_340,i_11_12,word,places,produces,kino,movie theater,
item_341,i_11_13,word,places,produces,kirke,church,
item_342,i_11_14,word,places,produces,landet,the country,
item_343,i_11_15,word,places,produces,lekeplass,playground,
item_344,i_11_16,word,places,produces,park,park,
item_345,i_11_17,word,places,produces,sirkus,circus,
item_346,i_11_18,word,places,produces,skogen,the woods,
item_347,i_11_19,word,places,produces,skole,school,
item_348,i_11_20,word,places,produces,strand,beach,
item_349,i_11_21,word,places,produces,svømmehall,svømmehall,
item_350,i_11_22,word,places,produces,ut,out,
item_351,i_12_1,word,people,produces,baby,baby,
item_352,i_12_2,word,people,produces,barn,children,
item_353,i_12_3,word,people,produces,barnets navn,child's name,
item_354,i_12_4,word,people,produces,barnevaktens navn,Barnevakten name,
item_355,i_12_5,word,people,produces,bestefar,grandfather,
item_356,i_12_6,word,people,produces,bestemor,grandmother,
item_357,i_12_7,word,people,produces,bonde,farmer,
item_358,i_12_8,word,people,produces,brannmann,firefighter,
item_359,i_12_9,word,people,produces,bror,brother,
item_360,i_12_10,word,people,produces,cowboy,cowboy,
item_361,i_12_11,word,people,produces,dame,lady,
item_362,i_12_12,word,people,produces,doktor,Doctor,
item_363,i_12_13,word,people,produces,farfar,grandfather,
item_364,i_12_14,word,people,produces,farmor,grandmother,
item_365,i_12_15,word,people,produces,folk,people,
item_366,i_12_16,word,people,produces,gutt,boy,
item_367,i_12_17,word,people,produces,helsesøster,nurse,
item_368,i_12_18,word,people,produces,jente,girl,
item_369,i_12_19,word,people,produces,klovn,clown,
item_370,i_12_20,word,people,produces,lærer,teacher,
item_371,i_12_21,word,people,produces,mamma/mor,mom / mother,
item_372,i_12_22,word,people,produces,mann,husband,
item_373,i_12_23,word,people,produces,mennesker,human beings,
item_374,i_12_24,word,people,produces,morfar,grandfather,
item_375,i_12_25,word,people,produces,mormor,Granny,
item_376,i_12_26,word,people,produces,navn på kjæledyr,pet names,
item_377,i_12_27,word,people,produces,oldefar,great grandfather,
item_378,i_12_28,word,people,produces,oldemor,great grandmother,
item_379,i_12_29,word,people,produces,onkel,Uncle,
item_380,i_12_30,word,people,produces,pappa/far,dad / father,
item_381,i_12_31,word,people,produces,politi,police,
item_382,i_12_32,word,people,produces,postbud,postman,
item_383,i_12_33,word,people,produces,søster,sister,
item_384,i_12_34,word,people,produces,tante,Aunt,
item_385,i_12_35,word,people,produces,venn,friend,
item_386,i_12_36,word,people,produces,venninne,Girlfriend,
item_387,i_13_1,word,games_routines,produces,”kommer og tar deg” lek,Come and take you play,
item_388,i_13_2,word,games_routines,produces,bade,bathing,
item_389,i_13_3,word,games_routines,produces,frokost,breakfast,
item_390,i_13_4,word,games_routines,produces,gå på do,go to the bathroom,
item_391,i_13_5,word,games_routines,produces,god natt,good night,
item_392,i_13_6,word,games_routines,produces,ha det,bye bye,
item_393,i_13_7,word,games_routines,produces,hallo,Hello,
item_394,i_13_8,word,games_routines,produces,handle,Shopping,
item_395,i_13_9,word,games_routines,produces,hei,hey there,
item_396,i_13_10,word,games_routines,produces,hysj,hush,
item_397,i_13_11,word,games_routines,produces,ikke,do not,
item_398,i_13_12,word,games_routines,produces,ja,yes,
item_399,i_13_13,word,games_routines,produces,jo,the,
item_400,i_13_14,word,games_routines,produces,klappe kake,pat cake,
item_401,i_13_15,word,games_routines,produces,kveldsmat,evening meal,
item_402,i_13_16,word,games_routines,produces,Borte! (lek hvor ansikt gjemmes og plutselig vises),Gone! (Play where face hidden and suddenly appears),
item_403,i_13_17,word,games_routines,produces,lunsj,lunch,
item_404,i_13_18,word,games_routines,produces,middag,dinner,
item_405,i_13_19,word,games_routines,produces,nei,no,
item_406,i_13_20,word,games_routines,produces,ringe,call,
item_407,i_13_21,word,games_routines,produces,snurre rundt,spin around,
item_408,i_13_22,word,games_routines,produces,sovetid,sleeping time,
item_409,i_13_23,word,games_routines,produces,sååå stor,sooo big,
item_410,i_13_24,word,games_routines,produces,takk,thank you,
item_411,i_13_25,word,games_routines,produces,vær så snill,por favor,
item_412,i_13_26,word,games_routines,produces,vent,hold it,
item_413,i_13_27,word,games_routines,produces,vil,want to,
item_414,i_14_1,word,action_words,produces,jobbe,work,
item_415,i_14_2,word,action_words,produces,bite,bite,
item_416,i_14_3,word,action_words,produces,blåse,blow,
item_417,i_14_4,word,action_words,produces,bråke,brawl,
item_418,i_14_5,word,action_words,produces,bygge,building,
item_419,i_14_6,word,action_words,produces,bære,carry,
item_420,i_14_7,word,action_words,produces,danse,dance,
item_421,i_14_8,word,action_words,produces,dele,share,
item_422,i_14_9,word,action_words,produces,drikke,drink,
item_423,i_14_10,word,action_words,produces,dytte,shove,
item_424,i_14_11,word,action_words,produces,elske,making love,
item_425,i_14_12,word,action_words,produces,fange,catch,
item_426,i_14_13,word,action_words,produces,falle,fall,
item_427,i_14_14,word,action_words,produces,finne,find,
item_428,i_14_15,word,action_words,produces,forte seg,hurry,
item_429,i_14_16,word,action_words,produces,få,get,
item_430,i_14_17,word,action_words,produces,gi,give,
item_431,i_14_18,word,action_words,produces,gjemme,hide,
item_432,i_14_19,word,action_words,produces,gjøre seg ferdig,should finish,
item_433,i_14_20,word,action_words,produces,gli,slide,
item_434,i_14_21,word,action_words,produces,gråte,cry,
item_435,i_14_22,word,action_words,produces,gå,go,
item_436,i_14_23,word,action_words,produces,ha,have,
item_437,i_14_24,word,action_words,produces,hate,hate,
item_438,i_14_25,word,action_words,produces,helle,pour,
item_439,i_14_26,word,action_words,produces,hente,fetch,
item_440,i_14_27,word,action_words,produces,hjelpe,help,
item_441,i_14_28,word,action_words,produces,holde,hold,
item_442,i_14_29,word,action_words,produces,holde øye med,keep an eye on,
item_443,i_14_30,word,action_words,produces,hoppe,jump,
item_444,i_14_31,word,action_words,produces,huske,remember,
item_445,i_14_32,word,action_words,produces,høre,hear,
item_446,i_14_33,word,action_words,produces,høre etter,listen,
item_447,i_14_34,word,action_words,produces,følge etter,follow,
item_448,i_14_35,word,action_words,produces,kaste,throw,
item_449,i_14_36,word,action_words,produces,kile,wedge,
item_450,i_14_37,word,action_words,produces,kjøpe,buy,
item_451,i_14_38,word,action_words,produces,kjøre,driving,
item_452,i_14_39,word,action_words,produces,klappe,pat,
item_453,i_14_40,word,action_words,produces,klatre,climb,
item_454,i_14_41,word,action_words,produces,klemme,clamp,
item_455,i_14_42,word,action_words,produces,kle på,dress,
item_456,i_14_43,word,action_words,produces,koste,cost,
item_457,i_14_44,word,action_words,produces,kysse,kiss,
item_458,i_14_45,word,action_words,produces,lage mat,cook,
item_459,i_14_46,word,action_words,produces,late som,pretend,
item_460,i_14_47,word,action_words,produces,putte,put,
item_461,i_14_48,word,action_words,produces,legge,put,
item_462,i_14_49,word,action_words,produces,leke,play,
item_463,i_14_50,word,action_words,produces,lese,read,
item_464,i_14_51,word,action_words,produces,like,equally,
item_465,i_14_52,word,action_words,produces,lukke,close,
item_466,i_14_53,word,action_words,produces,løpe,run,
item_467,i_14_54,word,action_words,produces,male,paint,
item_468,i_14_55,word,action_words,produces,mate,feed,
item_469,i_14_56,word,action_words,produces,miste,Lose,
item_470,i_14_57,word,action_words,produces,reparere,repair,
item_471,i_14_58,word,action_words,produces,passe,fit,
item_472,i_14_59,word,action_words,produces,plaske,splash,
item_473,i_14_60,word,action_words,produces,prøve,sample,
item_474,i_14_61,word,action_words,produces,puste,breathing,
item_475,i_14_62,word,action_words,produces,ri,ri,
item_476,i_14_63,word,action_words,produces,riste,shake,
item_477,i_14_64,word,action_words,produces,rive av,tear off,
item_478,i_14_65,word,action_words,produces,rydde,clear,
item_479,i_14_66,word,action_words,produces,røre,stir,
item_480,i_14_67,word,action_words,produces,se,see,
item_481,i_14_68,word,action_words,produces,se på,look at,
item_482,i_14_69,word,action_words,produces,sette,put,
item_483,i_14_70,word,action_words,produces,si,say,
item_484,i_14_71,word,action_words,produces,sitte,sit,
item_485,i_14_72,word,action_words,produces,skjære,Magpie,
item_486,i_14_73,word,action_words,produces,skli,slip,
item_487,i_14_74,word,action_words,produces,skrive,write,
item_488,i_14_75,word,action_words,produces,skynde seg,hasten,
item_489,i_14_76,word,action_words,produces,slikke,lick,
item_490,i_14_77,word,action_words,produces,slutte,quit,
item_491,i_14_78,word,action_words,produces,slå,switch,
item_492,i_14_79,word,action_words,produces,smake,taste,
item_493,i_14_80,word,action_words,produces,smile,smile,
item_494,i_14_81,word,action_words,produces,snakke,talk,
item_495,i_14_82,word,action_words,produces,sove,sleep,
item_496,i_14_83,word,action_words,produces,sparke,Kick,
item_497,i_14_84,word,action_words,produces,spille,play,
item_498,i_14_85,word,action_words,produces,spise,eat,
item_499,i_14_86,word,action_words,produces,stikke,stick,
item_500,i_14_87,word,action_words,produces,stoppe,stop,
item_501,i_14_88,word,action_words,produces,stå,stand,
item_502,i_14_89,word,action_words,produces,synge,sing,
item_503,i_14_90,word,action_words,produces,svømme,swim,
item_504,i_14_91,word,action_words,produces,søle,spill,
item_505,i_14_92,word,action_words,produces,ta,take,
item_506,i_14_93,word,action_words,produces,tegne,draw,
item_507,i_14_94,word,action_words,produces,tenke,thinking,
item_508,i_14_95,word,action_words,produces,treffe,hit,
item_509,i_14_96,word,action_words,produces,dra,drag,
item_510,i_14_97,word,action_words,produces,tørke,drought,
item_511,i_14_98,word,action_words,produces,vaske,wash,
item_512,i_14_99,word,action_words,produces,vente,wait,
item_513,i_14_100,word,action_words,produces,slå seg,settle,
item_514,i_14_101,word,action_words,produces,vise,view,
item_515,i_14_102,word,action_words,produces,velte,topple,
item_516,i_14_103,word,action_words,produces,være glad i,be fond of,
item_517,i_14_104,word,action_words,produces,våkne,wake up,
item_518,i_14_105,word,action_words,produces,ødelegge,tear up,
item_519,i_14_106,word,action_words,produces,ønske,desire,
item_520,i_14_107,word,action_words,produces,åpne,open up,
item_521,i_15_1,word,descriptive_words,produces,bedre,better,
item_522,i_15_2,word,descriptive_words,produces,blå,blue,
item_523,i_15_3,word,descriptive_words,produces,bløt,soft,
item_524,i_15_4,word,descriptive_words,produces,borte,away,
item_525,i_15_5,word,descriptive_words,produces,bra,good,
item_526,i_15_6,word,descriptive_words,produces,bråkete,noisy,
item_527,i_15_7,word,descriptive_words,produces,brun,brown,
item_528,i_15_8,word,descriptive_words,produces,dårlig,bad,
item_529,i_15_9,word,descriptive_words,produces,ekkelt,disgusting,
item_530,i_15_10,word,descriptive_words,produces,fin,nice,
item_531,i_15_11,word,descriptive_words,produces,forsiktig,careful,
item_532,i_15_12,word,descriptive_words,produces,først,at first,
item_533,i_15_13,word,descriptive_words,produces,fort,fast,
item_534,i_15_14,word,descriptive_words,produces,frekk,rude,
item_535,i_15_15,word,descriptive_words,produces,full,full,
item_536,i_15_16,word,descriptive_words,produces,gammel,old,
item_537,i_15_17,word,descriptive_words,produces,glad,happy,
item_538,i_15_18,word,descriptive_words,produces,god,good,
item_539,i_15_19,word,descriptive_words,produces,grønn,green,
item_540,i_15_20,word,descriptive_words,produces,gul,yellow,
item_541,i_15_21,word,descriptive_words,produces,hard,hard,
item_542,i_15_22,word,descriptive_words,produces,høy,tall,
item_543,i_15_23,word,descriptive_words,produces,hvit,white,
item_544,i_15_24,word,descriptive_words,produces,kald,cold,
item_545,i_15_25,word,descriptive_words,produces,klissete,sticky,
item_546,i_15_26,word,descriptive_words,produces,lang,long,
item_547,i_15_27,word,descriptive_words,produces,lei seg,upset,
item_548,i_15_28,word,descriptive_words,produces,liten,small,
item_549,i_15_29,word,descriptive_words,produces,mørkt,dark,
item_550,i_15_30,word,descriptive_words,produces,ny,new,
item_551,i_15_31,word,descriptive_words,produces,ødelagt,destroyed,
item_552,i_15_32,word,descriptive_words,produces,oransje,orange,
item_553,i_15_33,word,descriptive_words,produces,pen,pretty,
item_554,i_15_34,word,descriptive_words,produces,rar,rar,
item_555,i_15_35,word,descriptive_words,produces,redd,afraid,
item_556,i_15_36,word,descriptive_words,produces,ren,clean,
item_557,i_15_37,word,descriptive_words,produces,rød,red,
item_558,i_15_38,word,descriptive_words,produces,sen,late,
item_559,i_15_39,word,descriptive_words,produces,sint,angry,
item_560,i_15_40,word,descriptive_words,produces,sist,last time,
item_561,i_15_41,word,descriptive_words,produces,sitter fast,stuck,
item_562,i_15_42,word,descriptive_words,produces,skitten,filthy,
item_563,i_15_43,word,descriptive_words,produces,skjønn,discretion,
item_564,i_15_44,word,descriptive_words,produces,slem,naughty,
item_565,i_15_45,word,descriptive_words,produces,snill,kind,
item_566,i_15_46,word,descriptive_words,produces,søt,soot,
item_567,i_15_47,word,descriptive_words,produces,søvnig,sleepy,
item_568,i_15_48,word,descriptive_words,produces,stakkars,poor thing,
item_569,i_15_49,word,descriptive_words,produces,stille,silent,
item_570,i_15_50,word,descriptive_words,produces,stor,large,
item_571,i_15_51,word,descriptive_words,produces,sulten,hungry,
item_572,i_15_52,word,descriptive_words,produces,sur,sur,
item_573,i_15_53,word,descriptive_words,produces,svart,black,
item_574,i_15_54,word,descriptive_words,produces,syk,sick,
item_575,i_15_55,word,descriptive_words,produces,tom,empty,
item_576,i_15_56,word,descriptive_words,produces,tørr,dry,
item_577,i_15_57,word,descriptive_words,produces,tørst,thirst,
item_578,i_15_58,word,descriptive_words,produces,trøtt,sleepy,
item_579,i_15_59,word,descriptive_words,produces,tung,heavy,
item_580,i_15_60,word,descriptive_words,produces,våken,awake,
item_581,i_15_61,word,descriptive_words,produces,varm,hot,
item_582,i_15_62,word,descriptive_words,produces,våt,wet,
item_583,i_15_63,word,descriptive_words,produces,vondt,ache,
item_584,i_16_1,word,time_words,produces,dag,day,
item_585,i_16_2,word,time_words,produces,etter,after,
item_586,i_16_3,word,time_words,produces,ettermiddag,after dinner,
item_587,i_16_4,word,time_words,produces,etterpå,afterwards,
item_588,i_16_5,word,time_words,produces,før,prior to,
item_589,i_16_6,word,time_words,produces,formiddag,morning,
item_590,i_16_7,word,time_words,produces,i dag,present day,
item_591,i_16_8,word,time_words,produces,i går,yesterday,
item_592,i_16_9,word,time_words,produces,i kveld,tonight,
item_593,i_16_10,word,time_words,produces,i morgen,tomorrow,
item_594,i_16_11,word,time_words,produces,kveld,evening,
item_595,i_16_12,word,time_words,produces,morgen,morning,
item_596,i_16_13,word,time_words,produces,nå,by now,
item_597,i_16_14,word,time_words,produces,natt,night,
item_598,i_16_15,word,time_words,produces,senere,later on,
item_599,i_16_16,word,time_words,produces,tid,time,
item_600,i_17_1,word,pronouns,produces,de,they,
item_601,i_17_2,word,pronouns,produces,deg,you,
item_602,i_17_3,word,pronouns,produces,deg selv,yourself,
item_603,i_17_4,word,pronouns,produces,dem,them,
item_604,i_17_5,word,pronouns,produces,den,the,
item_605,i_17_6,word,pronouns,produces,denne,this,
item_606,i_17_7,word,pronouns,produces,dere,you all,
item_607,i_17_8,word,pronouns,produces,deres,your,
item_608,i_17_9,word,pronouns,produces,det,it,
item_609,i_17_10,word,pronouns,produces,dette,this,
item_610,i_17_11,word,pronouns,produces,din,your,
item_611,i_17_12,word,pronouns,produces,disse,these,
item_612,i_17_13,word,pronouns,produces,du,you,
item_613,i_17_14,word,pronouns,produces,ham,him,
item_614,i_17_15,word,pronouns,produces,han,he,
item_615,i_17_16,word,pronouns,produces,hans,his,
item_616,i_17_17,word,pronouns,produces,henne,her,
item_617,i_17_18,word,pronouns,produces,hennes,her,
item_618,i_17_19,word,pronouns,produces,hun,she,
item_619,i_17_20,word,pronouns,produces,hverandre,each other,
item_620,i_17_21,word,pronouns,produces,jeg,I,
item_621,i_17_22,word,pronouns,produces,man,one,
item_622,i_17_23,word,pronouns,produces,meg,me,
item_623,i_17_24,word,pronouns,produces,meg selv,myself,
item_624,i_17_25,word,pronouns,produces,min,my,
item_625,i_17_26,word,pronouns,produces,oss,us,
item_626,i_17_27,word,pronouns,produces,seg,themselves,
item_627,i_17_28,word,pronouns,produces,seg selv,itself,
item_628,i_17_29,word,pronouns,produces,sin,its,
item_629,i_17_30,word,pronouns,produces,vår,our,
item_630,i_17_31,word,pronouns,produces,vi,we,
item_631,i_18_1,word,question_words,produces,hva,what,
item_632,i_18_2,word,question_words,produces,hvem,who,
item_633,i_18_3,word,question_words,produces,hvilken,which one,
item_634,i_18_4,word,question_words,produces,hvor,where,
item_635,i_18_5,word,question_words,produces,hvordan,how to,
item_636,i_18_6,word,question_words,produces,hvorfor,how come,
item_637,i_18_7,word,question_words,produces,når,what time,
item_638,i_19_1,word,locations,produces,av,of the,
item_639,i_19_2,word,locations,produces,bak,behind,
item_640,i_19_3,word,locations,produces,bort,away,
item_641,i_19_4,word,locations,produces,borte,away,
item_642,i_19_5,word,locations,produces,der,there,
item_643,i_19_6,word,locations,produces,for,for the,
item_644,i_19_7,word,locations,produces,foran,in front of,
item_645,i_19_8,word,locations,produces,fra,from the,
item_646,i_19_9,word,locations,produces,frem,forward,
item_647,i_19_10,word,locations,produces,gjennom,through,
item_648,i_19_11,word,locations,produces,her,over here,
item_649,i_19_12,word,locations,produces,hit,here,
item_650,i_19_13,word,locations,produces,hjem,home,
item_651,i_19_14,word,locations,produces,hjemme,at home,
item_652,i_19_15,word,locations,produces,hos,with,
item_653,i_19_16,word,locations,produces,i,in,
item_654,i_19_17,word,locations,produces,i stedet for,instead of,
item_655,i_19_18,word,locations,produces,inn,in,
item_656,i_19_19,word,locations,produces,inne,in,
item_657,i_19_20,word,locations,produces,inni,Occasionally,
item_658,i_19_21,word,locations,produces,med,with the,
item_659,i_19_22,word,locations,produces,mot,versus,
item_660,i_19_23,word,locations,produces,ned,down,
item_661,i_19_24,word,locations,produces,nede,down,
item_662,i_19_25,word,locations,produces,nedi,down,
item_663,i_19_26,word,locations,produces,om,if,
item_664,i_19_27,word,locations,produces,opp,up,
item_665,i_19_28,word,locations,produces,oppå,top,
item_666,i_19_29,word,locations,produces,oppe,up,
item_667,i_19_30,word,locations,produces,oppi,Oppi,
item_668,i_19_31,word,locations,produces,over,over,
item_669,i_19_32,word,locations,produces,på,on the,
item_670,i_19_33,word,locations,produces,til,to the,
item_671,i_19_34,word,locations,produces,tilbake,in return,
item_672,i_19_35,word,locations,produces,under,under,
item_673,i_19_36,word,locations,produces,ut,out,
item_674,i_19_37,word,locations,produces,ute,out,
item_675,i_19_38,word,locations,produces,utenfor,outside,
item_676,i_19_39,word,locations,produces,utenpå,surface,
item_677,i_19_40,word,locations,produces,ved siden av,adjacent to,
item_678,i_19_41,word,locations,produces,vekk,away,
item_679,i_20_1,word,quantifiers,produces,alle,all of them,
item_680,i_20_2,word,quantifiers,produces,alt,all of,
item_681,i_20_3,word,quantifiers,produces,andre,other,
item_682,i_20_4,word,quantifiers,produces,den,the,
item_683,i_20_5,word,quantifiers,produces,det,it,
item_684,i_20_6,word,quantifiers,produces,ei,ei,
item_685,i_20_7,word,quantifiers,produces,en,one,
item_686,i_20_8,word,quantifiers,produces,en annen,another one,
item_687,i_20_9,word,quantifiers,produces,et,a,
item_688,i_20_10,word,quantifiers,produces,hver,each one,
item_689,i_20_11,word,quantifiers,produces,hvert,each,
item_690,i_20_12,word,quantifiers,produces,ikke,do not,
item_691,i_20_13,word,quantifiers,produces,ingen,no one,
item_692,i_20_14,word,quantifiers,produces,ingenting,nothing,
item_693,i_20_15,word,quantifiers,produces,litt,a little,
item_694,i_20_16,word,quantifiers,produces,mange,many,
item_695,i_20_17,word,quantifiers,produces,mer,more,
item_696,i_20_18,word,quantifiers,produces,mye,a lot,
item_697,i_20_19,word,quantifiers,produces,noe,something,
item_698,i_20_20,word,quantifiers,produces,noen,a few,
item_699,i_20_21,word,quantifiers,produces,også,as well,
item_700,i_20_22,word,quantifiers,produces,samme,same,
item_701,i_21_1,word,helping_verbs,produces,bli,be,
item_702,i_21_2,word,helping_verbs,produces,bør,should,
item_703,i_21_3,word,helping_verbs,produces,burde,should have,
item_704,i_21_4,word,helping_verbs,produces,er,is,
item_705,i_21_5,word,helping_verbs,produces,få,get,
item_706,i_21_6,word,helping_verbs,produces,gjør,makes,
item_707,i_21_7,word,helping_verbs,produces,gjorde,do they,
item_708,i_21_8,word,helping_verbs,produces,gjøre,do,
item_709,i_21_9,word,helping_verbs,produces,ha,have,
item_710,i_21_10,word,helping_verbs,produces,hadde,had,
item_711,i_21_11,word,helping_verbs,produces,har,have,
item_712,i_21_12,word,helping_verbs,produces,kan,may,
item_713,i_21_13,word,helping_verbs,produces,kunne,could,
item_714,i_21_14,word,helping_verbs,produces,la,let,
item_715,i_21_15,word,helping_verbs,produces,må,have to,
item_716,i_21_16,word,helping_verbs,produces,måtte,had to,
item_717,i_21_17,word,helping_verbs,produces,skal,going to,
item_718,i_21_18,word,helping_verbs,produces,skulle,should,
item_719,i_21_19,word,helping_verbs,produces,være,be,
item_720,i_21_20,word,helping_verbs,produces,var,was,
item_721,i_21_21,word,helping_verbs,produces,vil,want to,
item_722,i_21_22,word,helping_verbs,produces,ville,would,
item_723,i_22_1,word,connecting_words,produces,at,that,
item_724,i_22_2,word,connecting_words,produces,eller,or,
item_725,i_22_3,word,connecting_words,produces,for,for the,
item_726,i_22_4,word,connecting_words,produces,fordi,because,
item_727,i_22_5,word,connecting_words,produces,hvis,if,
item_728,i_22_6,word,connecting_words,produces,men,but,
item_729,i_22_7,word,connecting_words,produces,og,and the,
item_730,i_22_8,word,connecting_words,produces,så,so,
item_731,i_22_9,word,connecting_words,produces,som,as,
item_732,i_23_1,usage,how_use_words,not yet; sometimes; often,Snakker barnet ditt om ting som har skjedd i fortiden eller om personer som ikke er tilstede? Et eksempel kan være at barnet begynner å snakke om en klovn eller hester som er relatert til forrige uke da dere var på sirkus.,,
item_733,i_23_2,usage,how_use_words,not yet; sometimes; often,Snakker barnet ditt noen gang om ting som skal skje i fremtiden? F.eks. ved å si ”skli” før dere går til lekeplassen.,,
item_734,i_23_3,usage,how_use_words,not yet; sometimes; often,Snakker barnet ditt om ting/folk som ikke er til stede eller synlige? F.eks. at det vil ha leker som er et annet sted; eller spør etter et kjæledyr eller en person som er ute.,,
item_735,i_23_4,usage,how_use_words,not yet; sometimes; often,Forstår barnet ditt dersom du spør etter ting som ikke er i rommet? F.eks. ved å gå til eller hente en leke fra et annet rom.,,
item_736,i_23_5,usage,how_use_words,not yet; sometimes; often,Tar barnet ditt opp eller peker på ting som tilhører en person som ikke er tilstede? F.eks. ved å peke på mamma sine sko og si: ”mamma”.,,
item_737,i_24_1,ending,word_endings,not yet; sometimes; often,Barn bruker ofte en enkel form av verbet i begynnelsen. De sier f.eks. sove; spise osv. selv om handlingen foregår nå. Etter hvert legger de til en r og sier sover; spiser osv. slik som vi voksne gjør.  Gjør barnet ditt dette?,,
item_738,i_24_2,ending,word_endings,not yet; sometimes; often,Når vi snakker om flere enn en ting; legger vi til -er (endelsen kan variere avhengig av dialekt) på mange ord. Vi sier biler; dukker og hunder. Gjør barnet ditt dette?,,
item_739,i_24_3,ending,word_endings,not yet; sometimes; often,Når vi snakker om bestemte ting; putter vi på en endelse for å markere dette. Eksempler er huset; bilen og jenta (i motsetning til hus; bil; jente). Har ditt barn begynt med dette?,,
item_740,i_24_4,ending,word_endings,not yet; sometimes; often,Den formen av verbet vi voksne bruker etter har (eller er); f.eks. har spist; bruker noen barn uten noe foran. De sier bare spist; kjøpt; løpt osv. Gjør barnet ditt dette?,,
item_741,i_24_5,ending,word_endings,not yet; sometimes; often,Når vi snakker om ting som har skjedd i fortid; putter vi ofte på en -te eller -et eller -a. Eksempler er kjøpte og badet/bada. Gjør barnet ditt dette?,,
item_742,i_24_6,ending,word_endings,not yet; sometimes; often,Når vi skal markere at noe tilhører en person; legger vi gjerne til s eller sin/ sitt slik som i pappas nøkkel; mamma sin bok; Per sitt eple; osv. Gjør barnet ditt dette?,,
item_743,i_25_1,word_form,word_forms_nouns,produces,barn,children,
item_744,i_25_2,word_form,word_forms_nouns,produces,bøker,books,
item_745,i_25_3,word_form,word_forms_nouns,produces,føtter,feet,
item_746,i_25_4,word_form,word_forms_nouns,produces,hus,with,
item_747,i_25_5,word_form,word_forms_nouns,produces,menn,men,
item_748,i_25_6,word_form,word_forms_nouns,produces,mus,mouse,
item_749,i_25_7,word_form,word_forms_nouns,produces,tenner,teeth,
item_750,i_25_8,word_form,word_forms_nouns,produces,tær,toes,
item_751,i_26_1,word_form,word_forms_verbs,produces,drakk,drank,
item_752,i_26_2,word_form,word_forms_verbs,produces,dro,went,
item_753,i_26_3,word_form,word_forms_verbs,produces,falt,fell,
item_754,i_26_4,word_form,word_forms_verbs,produces,fant,found,
item_755,i_26_5,word_form,word_forms_verbs,produces,fikk,received,
item_756,i_26_6,word_form,word_forms_verbs,produces,fløy,wing,
item_757,i_26_7,word_form,word_forms_verbs,produces,frø(y)s,seeds (y) s,
item_758,i_26_8,word_form,word_forms_verbs,produces,ga,ga,
item_759,i_26_9,word_form,word_forms_verbs,produces,gikk,went,
item_760,i_26_10,word_form,word_forms_verbs,produces,gråt,cried,
item_761,i_26_11,word_form,word_forms_verbs,produces,het,het,
item_762,i_26_12,word_form,word_forms_verbs,produces,hjalp,helped,
item_763,i_26_13,word_form,word_forms_verbs,produces,holdt,held,
item_764,i_26_14,word_form,word_forms_verbs,produces,kom,came,
item_765,i_26_15,word_form,word_forms_verbs,produces,lo,lo,
item_766,i_26_16,word_form,word_forms_verbs,produces,løp,race,
item_767,i_26_17,word_form,word_forms_verbs,produces,løy,lied,
item_768,i_26_18,word_form,word_forms_verbs,produces,lå,lying,
item_769,i_26_19,word_form,word_forms_verbs,produces,sa,said,
item_770,i_26_20,word_form,word_forms_verbs,produces,sang,song,
item_771,i_26_21,word_form,word_forms_verbs,produces,satt,set,
item_772,i_26_22,word_form,word_forms_verbs,produces,sov,slept,
item_773,i_26_23,word_form,word_forms_verbs,produces,sprakk,cracked,
item_774,i_26_24,word_form,word_forms_verbs,produces,så,so,
item_775,i_26_25,word_form,word_forms_verbs,produces,tok,took,
item_776,i_27_1,word_ending,word_endings_nouns,produces,barner (for barn),Barner (for children),
item_777,i_27_2,word_ending,word_endings_nouns,produces,boker (for bøker),books (for books),
item_778,i_27_3,word_ending,word_endings_nouns,produces,borden (for bordet),border (for desktop),
item_779,i_27_4,word_ending,word_endings_nouns,produces,foter (for føtter),feet (Foot),
item_780,i_27_5,word_ending,word_endings_nouns,produces,husen (for huset),Husen (for the house),
item_781,i_27_6,word_ending,word_endings_nouns,produces,huser (for hus),houses (for houses),
item_782,i_27_7,word_ending,word_endings_nouns,produces,manner (for menn),overpowers (for men),
item_783,i_27_8,word_ending,word_endings_nouns,produces,menner (for menn),Babies (for men),
item_784,i_27_9,word_ending,word_endings_nouns,produces,muser (for mus),muses (Mouse),
item_785,i_27_10,word_ending,word_endings_nouns,produces,skoer (for sko),skoer (for shoes),
item_786,i_27_11,word_ending,word_endings_nouns,produces,tanner (for tenner),tanner (for teeth),
item_787,i_27_12,word_ending,word_endings_nouns,produces,togen (for toget),Togen (for the train),
item_788,i_27_13,word_ending,word_endings_nouns,produces,tåer (for tær),tåer (for toes),
item_789,i_28_1,word_ending,word_endings_verbs,produces,dettet,costed,
item_790,i_28_2,word_ending,word_endings_verbs,produces,dradde,dragged,
item_791,i_28_3,word_ending,word_endings_verbs,produces,drikket,drink,
item_792,i_28_4,word_ending,word_endings_verbs,produces,drikte,drikte,
item_793,i_28_5,word_ending,word_endings_verbs,produces,finnet,finnet,
item_794,i_28_6,word_ending,word_endings_verbs,produces,finte,feint,
item_795,i_28_7,word_ending,word_endings_verbs,produces,flydde,fled,
item_796,i_28_8,word_ending,word_endings_verbs,produces,fryset,freezer,
item_797,i_28_9,word_ending,word_endings_verbs,produces,fryste,frozen,
item_798,i_28_10,word_ending,word_endings_verbs,produces,fådde,fådde,
item_799,i_28_11,word_ending,word_endings_verbs,produces,fået,fået,
item_800,i_28_12,word_ending,word_endings_verbs,produces,gadde,Gadd,
item_801,i_28_13,word_ending,word_endings_verbs,produces,gaet,Gaet,
item_802,i_28_14,word_ending,word_endings_verbs,produces,gådde,gådde,
item_803,i_28_15,word_ending,word_endings_verbs,produces,gået,gået,
item_804,i_28_16,word_ending,word_endings_verbs,produces,hjelpet,been helping out,
item_805,i_28_17,word_ending,word_endings_verbs,produces,hjelpte,helped the,
item_806,i_28_18,word_ending,word_endings_verbs,produces,holdet,contents,
item_807,i_28_19,word_ending,word_endings_verbs,produces,holdte,held,
item_808,i_28_20,word_ending,word_endings_verbs,produces,komte,Yokes,
item_809,i_28_21,word_ending,word_endings_verbs,produces,ledde,articulating,
item_810,i_28_22,word_ending,word_endings_verbs,produces,ligde,ligde,
item_811,i_28_23,word_ending,word_endings_verbs,produces,ligget,lying,
item_812,i_28_24,word_ending,word_endings_verbs,produces,lyvde,lyvde,
item_813,i_28_25,word_ending,word_endings_verbs,produces,lyvet,Lyvet,
item_814,i_28_26,word_ending,word_endings_verbs,produces,løpet,during,
item_815,i_28_27,word_ending,word_endings_verbs,produces,løpte,runnable,
item_816,i_28_28,word_ending,word_endings_verbs,produces,sedde,sedder,
item_817,i_28_29,word_ending,word_endings_verbs,produces,seet,seet,
item_818,i_28_30,word_ending,word_endings_verbs,produces,sittet,sat,
item_819,i_28_31,word_ending,word_endings_verbs,produces,siet,siet,
item_820,i_28_32,word_ending,word_endings_verbs,produces,sovte,sovta,
item_821,i_28_33,word_ending,word_endings_verbs,produces,sprekket,cracked,
item_822,i_28_34,word_ending,word_endings_verbs,produces,sprekte,sprightly,
item_823,i_28_35,word_ending,word_endings_verbs,produces,synget,sing,
item_824,i_28_36,word_ending,word_endings_verbs,produces,syngte,syngte,
item_825,i_28_37,word_ending,word_endings_verbs,produces,tadde,Tadd,
item_826,i_29_1,combine,combine,not yet; sometimes; often,Har barnet ditt begynt å sette sammen ord slik som ”mer kake” eller pappa Lars” (pappa til Lars)?,,
item_827,i_31_1,complexity,complexity,simple; complex,To bil / To biler,Two car / Two cars,morphology
item_828,i_31_2,complexity,complexity,simple; complex,Dukke sove (skjer nå) / Dukken sover,Doll sleep (happening now) / doll sleeping,morphology
item_829,i_31_3,complexity,complexity,simple; complex,Se katt / Se katten,See cat / Other cat,morphology
item_830,i_31_4,complexity,complexity,simple; complex,Hva det? / Hva er det?,What the? / What it is?,syntax
item_831,i_31_5,complexity,complexity,simple; complex,Jeg spise (skjer nå) / Jeg spiser,I eat (happening now) / I eat,morphology
item_832,i_31_6,complexity,complexity,simple; complex,Du spist opp / Du har spist opp,You eaten up / You've eaten up,syntax
item_833,i_31_7,complexity,complexity,simple; complex,To fot(er) / To føtter,Two feet (s) / Two feet,morphology
item_834,i_31_8,complexity,complexity,simple; complex,En bil / Jeg ser en bil,A car / I see a car,syntax
item_835,i_31_9,complexity,complexity,simple; complex,Pappa Lars / Pappa til Lars,Dad Lars / Dad Lars,syntax
item_836,i_31_10,complexity,complexity,simple; complex,Hunden hoppe meg / Hunden hoppet på meg,The dog jump me / dog jumped on me,syntax
item_837,i_31_11,complexity,complexity,simple; complex,Mange klosser / Det var mange klosser,Many pads / There were many bricks,syntax
item_838,i_31_12,complexity,complexity,simple; complex,Boka på bordet / Boka ligger på bordet,The book on the table / book lying on the table,syntax
item_839,i_31_13,complexity,complexity,simple; complex,Få lov? / Kan jeg få lov?,Get law? / Can I be allowed?,syntax
item_840,i_31_14,complexity,complexity,simple; complex,Dra dit? / Skal vi dra dit?,Go there? / Shall we go there?,syntax
item_841,i_31_15,complexity,complexity,simple; complex,Den min / Boka (er) min,The min / book (s) my,syntax
item_842,i_31_16,complexity,complexity,simple; complex,Ikke rør / Ikke rør leken min,Do not touch / Do not touch my toy,syntax
item_843,i_31_17,complexity,complexity,simple; complex,Tegn katt pappa / Tegn en katt pappa,Signs cat daddy / Draw a Cat Daddy,syntax
item_844,i_31_18,complexity,complexity,simple; complex,Kan jeg få banan? / Kan jeg få en banan?,Can I get the banana? / Can I get a banana?,syntax
item_845,i_31_19,complexity,complexity,simple; complex,Ha den / Jeg (vil) ha boka,Keep it / I (will) have the book,syntax
item_846,i_31_20,complexity,complexity,simple; complex,Ikke på / Lyset står ikke på,Not on / light is not on,syntax
item_847,i_31_21,complexity,complexity,simple; complex,Under bordet / Katten er under bordet,Under the table / cat is under the table,syntax
item_848,i_31_22,complexity,complexity,simple; complex,Kake mamma / Kake til mamma,Cake mom / Cake for Mom,syntax
item_849,i_31_23,complexity,complexity,simple; complex,Meg først / Jeg vil være først,Me first / I'll be the first,syntax
item_850,i_31_24,complexity,complexity,simple; complex,Jeg leke Fredrik / Jeg vil leke med Fredrik,I play Fredrik / I will play with Fredrik,syntax
item_851,i_31_25,complexity,complexity,simple; complex,Mer skive / Kan jeg få mer skive?,More slab / Can I get more disk?,syntax
item_852,i_31_26,complexity,complexity,simple; complex,Hvor mamma gå? / Hvor skal du mamma?,Where mama go? / Where are you mama?,syntax
item_853,i_31_27,complexity,complexity,simple; complex,Ny ark / Nytt ark,New sheets / New Sheet,morphology
item_854,i_31_28,complexity,complexity,simple; complex,Jeg lekte med hun / Jeg lekte med henne,I toyed with her / I toyed with her,morphology
item_855,i_31_29,complexity,complexity,simple; complex,Vi dro til butikken / Vi dro til butikken og handlet mat,We went to the store / We went to the store and shopped food,syntax
item_856,i_31_30,complexity,complexity,simple; complex,Vi kjøpte epler / Vi kjøpte grønne epler,We bought apples / We bought green apples,syntax
item_857,i_31_31,complexity,complexity,simple; complex,Jeg dette ned  / Jeg datt ned,I this down / I fell down,morphology
item_858,i_31_32,complexity,complexity,simple; complex,Det ikke er magen / Det er ikke magen,There is no stomach / It is not the stomach,morphology
item_859,i_31_33,complexity,complexity,simple; complex,Går ikke spise det / Det går ikke å spise det,Will not eat it / It is not going to eat it,syntax
item_860,i_31_34,complexity,complexity,simple; complex,Ikke ha den / Jeg vil ikke ha den,Not having it / I do not want it,syntax
item_861,i_31_35,complexity,complexity,simple; complex,Hva ligger der? / Hva er det som ligger der?,What is there? / What is it located there?,syntax
item_862,i_31_36,complexity,complexity,simple; complex,Bestemor har laget den / Det er bestemor som har laget den,Grandma has made it / It's grandmother who made the,syntax
item_863,i_31_37,complexity,complexity,simple; complex,Min biler / Mine biler,My cars / My cars,morphology
item_864,i_31_38,complexity,complexity,simple; complex,Vi laget denne / Jeg og Marie laget denne,We designed this / I and Marie made this,syntax
item_865,i_31_39,complexity,complexity,simple; complex,Jeg synger en sang / Jeg vil synge en sang for deg,I sing a song / I will sing a song for you,syntax
item_866,i_31_40,complexity,complexity,simple; complex,Se hva jeg har / Se hva jeg har fått av pappa,Look what I have / Look what I got from my dad,syntax
item_867,i_31_41,complexity,complexity,simple; complex,Gutten gråter / Gutten gråter fordi han har slått seg,The boy cries / boy crying because he has turned itself,syntax
item_868,i_31_42,complexity,complexity,simple; complex,Pappa sko / Pappa sine  sko (Pappas sko),Dad shoes / Pappa their shoes (Pappas shoes),syntax
