itemID,item,type,category,choices,gloss,complexity_category,definition,uni_lemma
item_1,S1WEI,word,sounds,produces,,,喂？,
item_2,S1DOG,word,sounds,produces,woof woof,,旺旺（狗叫）,woof woof
item_3,S1CAT,word,sounds,produces,meow,,喵（猫叫）,meow
item_4,S1CAR,word,sounds,produces,vroom,,嘀嘀（汽车声）,vroom
item_5,S1AIYOU,word,sounds,produces,,,哎哟,
item_6,S1YA,word,sounds,produces,,,呀,
item_7,S1SHEEP,word,sounds,produces,baa baa,,咩咩（羊叫声）,baa baa
item_8,S1DUCK,word,sounds,produces,quack quack,,嘎嘎（鸭子叫）,quack quack
item_9,S1CHICK,word,sounds,produces,,,嘎嘎达（鸡叫）,
item_10,S1BANG,word,sounds,produces,bang,,梆梆（打枪）,bang
item_11,S1BIRD,word,sounds,produces,tweet tweet,,喳喳（鸟叫）,tweet tweet
item_12,S1LION,word,sounds,produces,,,嗷（狮子叫）,
item_13,P2MAMA,word,people,produces,mommy,,妈妈,mommy
item_14,P2BABA,word,people,produces,daddy,,爸爸,daddy
item_15,P2NAIN,word,people,produces,grandma,,奶奶,grandma
item_16,P2LAOL,word,people,produces,,,姥 姥,
item_17,P2YEYE,word,people,produces,grandpa,,爷爷,grandpa
item_18,P2LAOYE,word,people,produces,grandpa,,姥爷,grandpa
item_19,P2BAO,word,people,produces,baby,,宝宝,baby
item_20,P2NAME,word,people,produces,,,自己的名字,
item_21,P2AUNT,word,people,produces,aunt,,阿姨,aunt
item_22,P2GUGU,word,people,produces,aunt,,姑姑,aunt
item_23,P2SHU,word,people,produces,uncle,,叔叔,uncle
item_24,P2DADA,word,people,produces,,,伯伯（大大）,
item_25,P2JIU,word,people,produces,uncle,,舅舅,uncle
item_26,P2JIE,word,people,produces,sister,,姐姐,sister
item_27,P2MEIME,word,people,produces,sister,,妹妹,sister
item_28,P2GEGE,word,people,produces,brother,,哥哥,brother
item_29,P2DIDI,word,people,produces,brother,,弟弟,brother
item_30,P2FRNAM,word,people,produces,,,小朋友的名字,
item_31,P2DAMA,word,people,produces,,,大妈,
item_32,P2PERSO,word,people,produces,person,,人,person
item_33,P2HAIZI,word,people,produces,,,孩子/小孩/小朋友,
item_34,P2GIRL,word,people,produces,girl,,女孩,girl
item_35,P2BOY,word,people,produces,boy,,男孩,boy
item_36,P2MAN,word,people,produces,man,,男人,man
item_37,P2LAOSH,word,people,produces,teacher,,老师,teacher
item_38,P2POLIC,word,people,produces,policeman,,警察,policeman
item_39,P2DAIFU,word,people,produces,,,医生/大夫,
item_40,P2DONDU,word,people,produces,,,唐老鸭,
item_41,P2MICKY,word,people,produces,,,米老鼠,
item_42,P2SUNWU,word,people,produces,,,孙悟空,
item_43,P2ZHUBJ,word,people,produces,,,猪八戒,
item_44,P2PENGY,word,people,produces,,,朋友,
item_45,G3WANT,word,games_routines,produces,,,要,
item_46,G3NOTWA,word,games_routines,produces,don't,,不要,don't
item_47,G3BYE,word,games_routines,produces,bye,,再见/Byebye,bye
item_48,G3THANK,word,games_routines,produces,thank you,,谢谢,thank you
item_49,G3PEE,word,games_routines,produces,pee,,撒尿/尿尿,pee
item_50,G3POOP,word,games_routines,produces,poop,,拉屎/拉臭臭,poop
item_51,G3EAT,word,games_routines,produces,eat,,吃饭,eat
item_52,G3WASH,word,games_routines,produces,bath,,洗澡,bath
item_53,G3NAP,word,games_routines,produces,nap,,休息/歇会儿,nap
item_54,G3BUY,word,games_routines,produces,buy,,买(东西),buy
item_55,G3PHONE,word,games_routines,produces,phone,,打（电话）,phone
item_56,G3HIDE,word,games_routines,produces,hide and seek,,藏猫猫,hide and seek
item_57,G3GOTYA,word,games_routines,produces,,,抓（逮）住了!,
item_58,G3CLAP,word,games_routines,produces,clap,,你拍一，我拍一,clap
item_59,G3HI,word,games_routines,produces,hello,,你好,hello
item_60,G3XHAO,word,games_routines,produces,,,（某某某）好,
item_61,G3PLEAS,word,games_routines,produces,please,,请,please
item_62,G3GREAT,word,games_routines,produces,,,(真)棒!,
item_63,G3HAOBA,word,games_routines,produces,,,好吧,
item_64,G3SHI,word,games_routines,produces,yes,,是,yes
item_65,G3CORRE,word,games_routines,produces,,,对了,
item_66,G3NOTOK,word,games_routines,produces,,,不行,
item_67,G3FAST,word,games_routines,produces,fast,,快点,fast
item_68,G3WAIT,word,games_routines,produces,wait,,等等,wait
item_69,G3EASY,word,games_routines,produces,easy,,轻点,easy
item_70,G3LISTN,word,games_routines,produces,,,听话,
item_71,G3GOSCH,word,games_routines,produces,,,上学,
item_72,G3ONEYR,word,games_routines,produces,,,一岁/两岁,
item_73,V4HOLD,word,action_words,produces,hug,,抱,hug
item_74,V4NA,word,action_words,produces,,,拿（过来）,
item_75,V4COME,word,action_words,produces,come,,来,come
item_76,V4WALK,word,action_words,produces,walk,,走,walk
item_77,V4SIT,word,action_words,produces,sit,,坐,sit
item_78,V4STAND,word,action_words,produces,stand,,站,stand
item_79,V4SQUAT,word,action_words,produces,,,蹲,
item_80,V4PEE,word,action_words,produces,pee,,尿,pee
item_81,V4ASCND,word,action_words,produces,,,上,
item_82,V4DOWN,word,action_words,produces,down,,下,down
item_83,V4DRINK,word,action_words,produces,drink (action),,喝,drink (action)
item_84,V4EAT,word,action_words,produces,eat,,吃,eat
item_85,V4FEED,word,action_words,produces,feed,,喂,feed
item_86,V4CRAWL,word,action_words,produces,climb,,爬,climb
item_87,V4WANT,word,action_words,produces,need,,要,need
item_88,V4HAVE,word,action_words,produces,have,,有,have
item_89,V4SLEEP,word,action_words,produces,sleep,,睡觉,sleep
item_90,V4COVER,word,action_words,produces,cover,,盖上,cover
item_91,V4PLAY,word,action_words,produces,play,,玩,play
item_92,V4OPEN,word,action_words,produces,open,,开（门）,open
item_93,V4GUAN,word,action_words,produces,,,关,
item_94,V4DRAW,word,action_words,produces,draw,,画画,draw
item_95,V4HIT,word,action_words,produces,hit,,打,hit
item_96,V4BEI,word,action_words,produces,,,背,
item_97,V4WEAR2,word,action_words,produces,wear,,戴,wear
item_98,V4WASH,word,action_words,produces,wash,,洗,wash
item_99,V4CLEAN,word,action_words,produces,wipe,,擦,wipe
item_100,V4KISS,word,action_words,produces,kiss,,亲（一个）,kiss
item_101,V4FLY,word,action_words,produces,fly,,飞,fly
item_102,V4LIANG,word,action_words,produces,,,亮了,
item_103,V4DAKAI,word,action_words,produces,open,,打开,open
item_104,V4GETUP,word,action_words,produces,get up,,起来,get up
item_105,V4PEEL,word,action_words,produces,,,剥,
item_106,V4CALL,word,action_words,produces,cry,,叫,cry
item_107,V4KAN,word,action_words,produces,look,,看,look
item_108,V4RUN,word,action_words,produces,run,,跑,run
item_109,V4JUMP,word,action_words,produces,jump,,跳,jump
item_110,V4KICK,word,action_words,produces,kick,,踢,kick
item_111,V4DAOSH,word,action_words,produces,,,倒（水）,
item_112,V4BUY,word,action_words,produces,buy,,买,buy
item_113,V4TOUCH,word,action_words,produces,touch,,摸,touch
item_114,V4WEAR,word,action_words,produces,wear,,穿,wear
item_115,V4GIVE,word,action_words,produces,give,,给,give
item_116,V4SEND,word,action_words,produces,,,送,
item_117,V4DROP,word,action_words,produces,drop,,掉,drop
item_118,V4LAUGH,word,action_words,produces,smile,,笑,smile
item_119,V4CRY,word,action_words,produces,cry,,哭,cry
item_120,V4CLAP,word,action_words,produces,clap,,拍,clap
item_121,V4CAN,word,action_words,produces,can,,会,can
item_122,V4WRITE,word,action_words,produces,write,,写,write
item_123,V4LAY,word,action_words,produces,,,躺,
item_124,V4LIEFL,word,action_words,produces,,,趴,
item_125,V4RIDE,word,action_words,produces,ride,,骑,ride
item_126,V4DRIVE,word,action_words,produces,drive,,开（车）,drive
item_127,V4BOUNC,word,action_words,produces,hop,,蹦,hop
item_128,V4SWEEP,word,action_words,produces,sweep,,扫（地）,sweep
item_129,V4GO,word,action_words,produces,go,,去,go
item_130,V4PUT,word,action_words,produces,put,,放,put
item_131,V4BITE,word,action_words,produces,bite,,咬,bite
item_132,V4THROW,word,action_words,produces,throw,,扔,throw
item_133,V4SPIT,word,action_words,produces,spit,,吐,spit
item_134,V4SAY,word,action_words,produces,say,,说,say
item_135,V4BLOW,word,action_words,produces,blow,,吹,blow
item_136,V4CHASE,word,action_words,produces,,,追,
item_137,V4TRIP,word,action_words,produces,,,摔,
item_138,V4IS,word,action_words,produces,,,是（什么）,
item_139,V4THINK,word,action_words,produces,,,想,
item_140,V4KNOW,word,action_words,produces,,,知道,
item_141,V4COMB,word,action_words,produces,,,梳,
item_142,V4SHUA,word,action_words,produces,brush,,刷,brush
item_143,V4SING,word,action_words,produces,sing,,唱,sing
item_144,V4LISTN,word,action_words,produces,hear,,听,hear
item_145,V4HEAR,word,action_words,produces,hear,,听见,hear
item_146,V4PRICK,word,action_words,produces,,,扎,
item_147,V4PUSH,word,action_words,produces,push,,推,push
item_148,V4PCKUP,word,action_words,produces,,,捡,
item_149,V4LOOK,word,action_words,produces,look,,找,look
item_150,V4ARRIV,word,action_words,produces,,,倒了,
item_151,V4ENTER,word,action_words,produces,enter,,进去,enter
item_152,V4EXIT,word,action_words,produces,,,出去,
item_153,V4GUO,word,action_words,produces,,,过,
item_154,V4RETUR,word,action_words,produces,,,回来,
item_155,V4STEP,word,action_words,produces,,,踩,
item_156,V4HIDE,word,action_words,produces,hide,,藏,hide
item_157,V4PULL,word,action_words,produces,pull,,拉/拽,pull
item_158,V4JIANG,word,action_words,produces,,,讲,
item_159,V4SHAKE,word,action_words,produces,shake,,握（手）,shake
item_160,V4KNOCK,word,action_words,produces,,,敲,
item_161,V4CLOSE,word,action_words,produces,close,,闭（眼、嘴）,close
item_162,V4LOSE,word,action_words,produces,,,丢,
item_163,V4LIKE,word,action_words,produces,love,,喜欢,love
item_164,V4DONG,word,action_words,produces,,,动,
item_165,V4WAIT,word,action_words,produces,wait,,等,wait
item_166,V4AWAKE,word,action_words,produces,wake,,醒,wake
item_167,V4SLIDE,word,action_words,produces,,,滑,
item_168,V4CHOP,word,action_words,produces,,,切（菜）,
item_169,V4CUT,word,action_words,produces,,,剪,
item_170,V4TEAR,word,action_words,produces,,,撕,
item_171,V4SPRAY,word,action_words,produces,splash,,洒,splash
item_172,V4SPILL,word,action_words,produces,spill,,撒,spill
item_173,V4SOUND,word,action_words,produces,,,响,
item_174,V4MEET,word,action_words,produces,,,接,
item_175,V4PENG,word,action_words,produces,,,碰,
item_176,V4DENG4,word,action_words,produces,,,蹬,
item_177,V4ZHUA,word,action_words,produces,catch,,抓,catch
item_178,V4MOVE,word,action_words,produces,,,搬,
item_179,V4DUAN,word,action_words,produces,,,端,
item_180,V4MASSG,word,action_words,produces,,,揉,
item_181,V4SPIN,word,action_words,produces,,,转,
item_182,V4LOVE,word,action_words,produces,love,,爱,love
item_183,V4SMILE,word,action_words,produces,smile,,乐（一个）,smile
item_184,V4COUNT,word,action_words,produces,count,,数数,count
item_185,V4KE,word,action_words,produces,,,磕,
item_186,V4FLIP,word,action_words,produces,flip,,翻,flip
item_187,V4JIA,word,action_words,produces,,,夹,
item_188,V4SMELL,word,action_words,produces,smell,,闻,smell
item_189,V4TASTE,word,action_words,produces,,,尝,
item_190,V4SWALL,word,action_words,produces,swallow,,咽,swallow
item_191,V4COOK,word,action_words,produces,,,做饭,
item_192,V4DANCE,word,action_words,produces,dance,,跳舞,dance
item_193,V4CHNGE,word,action_words,produces,,,换,
item_194,V4RUB,word,action_words,produces,,,抹（油等）,
item_195,V4STUFF,word,action_words,produces,,,装,
item_196,V4PICK,word,action_words,produces,,,摘（揪）,
item_197,V4LET,word,action_words,produces,,,让,
item_198,V4FIX,word,action_words,produces,,,修,
item_199,V4TRY,word,action_words,produces,,,使劲,
item_200,V4LIFT,word,action_words,produces,lift,,举,lift
item_201,V4HANG,word,action_words,produces,,,挂,
item_202,V4ROLL,word,action_words,produces,,,滚,
item_203,V4PINCH,word,action_words,produces,,,挖,
item_204,V4FU,word,action_words,produces,,,扶,
item_205,V4LEARN,word,action_words,produces,,,学,
item_206,V4REMEM,word,action_words,produces,,,记（得）,
item_207,V4DAMAG,word,action_words,produces,,,打破/打碎,
item_208,V4TWIST,word,action_words,produces,,,扭,
item_209,V4STOP,word,action_words,produces,stop,,停,stop
item_210,V4SQUIS,word,action_words,produces,,,压,
item_211,V4CRASH,word,action_words,produces,bump,,撞,bump
item_212,V4INSER,word,action_words,produces,,,插,
item_213,V4HUG,word,action_words,produces,hug,,搂,hug
item_214,V4BRING,word,action_words,produces,bring,,带,bring
item_215,V4DA,word,action_words,produces,,,搭,
item_216,V4FOLLO,word,action_words,produces,,,跟着,
item_217,V4DIAL,word,action_words,produces,,,拨（电话）,
item_218,V4TEASE,word,action_words,produces,,,逗,
item_219,V4LINE,word,action_words,produces,,,排（队）,
item_220,V4DO,word,action_words,produces,,,干（什么）,
item_221,V4USE,word,action_words,produces,,,用,
item_222,V4LICK,word,action_words,produces,lick,,舔,lick
item_223,V4CHEW,word,action_words,produces,,,嚼,
item_224,V4TURN,word,action_words,produces,turn,,拐（弯）,turn
item_225,V4BEND,word,action_words,produces,,,弯,
item_226,V4GRAB,word,action_words,produces,,,抢,
item_227,V4BLINK,word,action_words,produces,,,眨（眼）,
item_228,V4WIND,word,action_words,produces,wind,,拧,wind
item_229,V4SHOUT,word,action_words,produces,shout,,叫唤,shout
item_230,V4QIAO,word,action_words,produces,,,瞧,
item_231,V4NONG,word,action_words,produces,,,弄,
item_232,V4SWIM,word,action_words,produces,swim,,游泳,swim
item_233,V4STICK,word,action_words,produces,stick,,贴,stick
item_234,V4PLUCK,word,action_words,produces,,,拔（草）,
item_235,V4GROW,word,action_words,produces,,,长（大）,
item_236,V4CAP,word,action_words,produces,cap,,套,cap
item_237,V4BREAK,word,action_words,produces,break,,拆,break
item_238,V4READ,word,action_words,produces,read,,读,read
item_239,V4GE,word,action_words,produces,,,搁,
item_240,V4CHOU,word,action_words,produces,,,瞅,
item_241,V4CATCH,word,action_words,produces,catch,,逮（坏蛋）,catch
item_242,V4DUO,word,action_words,produces,,,躲,
item_243,V4WAIT2,word,action_words,produces,,,待（一会儿）,
item_244,V4YELL,word,action_words,produces,,,嚷,
item_245,V4ASK,word,action_words,produces,,,问,
item_246,V4TELL,word,action_words,produces,tell,,告诉,tell
item_247,V4ROLLU,word,action_words,produces,,,捋/挽（袖子）,
item_248,V4RINSE,word,action_words,produces,,,冲,
item_249,V4HELP,word,action_words,produces,help,,帮助/帮忙,help
item_250,V4DRAG,word,action_words,produces,pull,,拖,pull
item_251,V4SWING,word,action_words,produces,,,悠,
item_252,V4TIEUP,word,action_words,produces,,,绑,
item_253,V4STIR,word,action_words,produces,,,搅,
item_254,V4RAO,word,action_words,produces,,,绕,
item_255,V4PRESS,word,action_words,produces,press,,摁（按）,press
item_256,V4DREAM,word,action_words,produces,,,做梦,
item_257,V4WORK,word,action_words,produces,work (action),,工作,work (action)
item_258,V4TRY2,word,action_words,produces,,,试,
item_259,V4SELL,word,action_words,produces,,,卖,
item_260,V4DAN,word,action_words,produces,,,掸掸,
item_261,V4TIDY,word,action_words,produces,,,收拾,
item_262,V4FORGT,word,action_words,produces,,,忘记,
item_263,V4PRETE,word,action_words,produces,pretend,,假装,pretend
item_264,V4HOPE,word,action_words,produces,,,希望,
item_265,V4DUST,word,action_words,produces,,,抖搂,
item_266,V4SCRAP,word,action_words,produces,,,蹭,
item_267,E5WATER,word,food_drink,produces,water (beverage),,水,water (beverage)
item_268,E5MILK,word,food_drink,produces,milk,,牛奶,milk
item_269,E5CONGEE,word,food_drink,produces,,,粥,
item_270,E5SOUP,word,food_drink,produces,soup,,汤,soup
item_271,E5YOGURT,word,food_drink,produces,yogurt,,酸奶,yogurt
item_272,E5LEBAIS,word,food_drink,produces,,,乐百氏,
item_273,E5JUICE,word,food_drink,produces,juice,,果汁,juice
item_274,E5COLA,word,food_drink,produces,,,可乐,
item_275,E5SODA,word,food_drink,produces,soda,,汽水,soda
item_276,E5TEA,word,food_drink,produces,tea,,茶,tea
item_277,E5DRINK,word,food_drink,produces,drink (beverage),,饮料,drink (beverage)
item_278,E5RICE,word,food_drink,produces,food,,饭,food
item_279,E5MI,word,food_drink,produces,rice,,米,rice
item_280,E5DUMPL,word,food_drink,produces,,,饺子,
item_281,E5NOODLE,word,food_drink,produces,noodles,,面条,noodles
item_282,E5BUN,word,food_drink,produces,,,包子,
item_283,E5MANTOU,word,food_drink,produces,,,馒头,
item_284,E5HUNDUN,word,food_drink,produces,,,馄饨,
item_285,E5MEAT,word,food_drink,produces,meat,,肉,meat
item_286,E5FISH,word,food_drink,produces,fish (food),,鱼,fish (food)
item_287,E5EGG,word,food_drink,produces,egg,,蛋,egg
item_288,E5SHRIMP,word,food_drink,produces,,,虾,
item_289,E5CHICKN,word,food_drink,produces,chicken (food),,鸡肉,chicken (food)
item_290,E5LIVER,word,food_drink,produces,,,肝儿（猪肝、鸡肝）,
item_291,E5VEGGIE,word,food_drink,produces,dish,,菜,dish
item_292,E5BEAN,word,food_drink,produces,,,豆子,
item_293,E5BRBEAN,word,food_drink,produces,,,扁豆,
item_294,E5SPROUT,word,food_drink,produces,,,豆芽,
item_295,E5MELON,word,food_drink,produces,,,瓜,
item_296,E5CABBAG,word,food_drink,produces,cabbage,,白菜,cabbage
item_297,E5SPINAC,word,food_drink,produces,spinach,,菠菜,spinach
item_298,E5RADISH,word,food_drink,produces,,,萝卜,
item_299,E5POTATO,word,food_drink,produces,potato,,土豆,potato
item_300,E5TOMATO,word,food_drink,produces,tomato,,西红柿,tomato
item_301,E5CUKE,word,food_drink,produces,cucumber,,黄瓜,cucumber
item_302,E5CORN,word,food_drink,produces,,,玉米,
item_303,E5TOFU,word,food_drink,produces,,,豆腐,
item_304,E5ONION,word,food_drink,produces,,,葱,
item_305,E5MUSHRM,word,food_drink,produces,,,蘑菇,
item_306,E5MUER,word,food_drink,produces,,,木耳,
item_307,E5FRUIT,word,food_drink,produces,fruit,,水果,fruit
item_308,E5APPLE,word,food_drink,produces,apple,,苹果,apple
item_309,E5BANANA,word,food_drink,produces,banana,,香蕉,banana
item_310,E5TANGER,word,food_drink,produces,,,橘子,
item_311,E5ORANGE,word,food_drink,produces,orange (food),,橙子,orange (food)
item_312,E5GRAPE,word,food_drink,produces,grapes,,葡萄,grapes
item_313,E5WATMEL,word,food_drink,produces,watermelon,,西瓜,watermelon
item_314,E5STRAWB,word,food_drink,produces,,,草莓,
item_315,E5PEAR,word,food_drink,produces,pear,,梨,pear
item_316,E5CANDY,word,food_drink,produces,sugar,,糖,sugar
item_317,E5PANCAK,word,food_drink,produces,pancake,,饼,pancake
item_318,E5COOKIE,word,food_drink,produces,cookie,,饼干,cookie
item_319,E5BREAD,word,food_drink,produces,bread,,面包,bread
item_320,E5CAKE,word,food_drink,produces,cake,,蛋糕,cake
item_321,E5JELLY,word,food_drink,produces,,,果冻,
item_322,E5SEED,word,food_drink,produces,,,瓜子,
item_323,E5PEANUT,word,food_drink,produces,peanut,,花生,peanut
item_324,E5WALNUT,word,food_drink,produces,,,核桃,
item_325,E5CHOCOL,word,food_drink,produces,chocolate,,巧克力,chocolate
item_326,E5FRIES,word,food_drink,produces,,,薯条,
item_327,E5POPSIC,word,food_drink,produces,,,冰棍儿,
item_328,E5HULU,word,food_drink,produces,,,糖葫芦,
item_329,E5ICECRM,word,food_drink,produces,ice cream,,冰淇淋,ice cream
item_330,E5YOUTIA,word,food_drink,produces,,,油条,
item_331,E5FLOUR,word,food_drink,produces,,,面/面粉,
item_332,E5PEPPER,word,food_drink,produces,pepper,,辣椒,pepper
item_333,E5SALT,word,food_drink,produces,,,盐,
item_334,E5VINEGA,word,food_drink,produces,,,醋,
item_335,E5SOYSAU,word,food_drink,produces,sauce,,酱油,sauce
item_336,B6HEAD,word,body_parts,produces,head,,头,head
item_337,B6NAODAI,word,body_parts,produces,,,脑袋,
item_338,B6HAIR,word,body_parts,produces,hair,,头发,hair
item_339,B6FACE,word,body_parts,produces,face,,脸,face
item_340,B6EYE,word,body_parts,produces,eye,,眼睛,eye
item_341,B6EYEBRO,word,body_parts,produces,,,眉毛,
item_342,B6CHEEK,word,body_parts,produces,cheek,,脸蛋,cheek
item_343,B6EAR,word,body_parts,produces,ear,,耳朵,ear
item_344,B6NOSE,word,body_parts,produces,nose,,鼻子,nose
item_345,B6MOUTH,word,body_parts,produces,mouth,,嘴（口）,mouth
item_346,B6LIPS,word,body_parts,produces,,,嘴唇,
item_347,B6TEETH,word,body_parts,produces,tooth,,牙,tooth
item_348,B6TONGUE,word,body_parts,produces,tongue,,舌头,tongue
item_349,B6CHIN,word,body_parts,produces,chin,,下巴,chin
item_350,B6NECK,word,body_parts,produces,neck,,脖子,neck
item_351,B6SHOULD,word,body_parts,produces,,,肩膀,
item_352,B6ELBOW,word,body_parts,produces,arm,,胳膊,arm
item_353,B6HAND,word,body_parts,produces,hand,,手,hand
item_354,B6FINGER,word,body_parts,produces,finger,,手指头,finger
item_355,B6THUMB,word,body_parts,produces,thumb,,大拇指,thumb
item_356,B6TUMMY,word,body_parts,produces,,,肚子,
item_357,B6BELLYB,word,body_parts,produces,,,肚脐眼,
item_358,B6BUTTOC,word,body_parts,produces,butt,,屁股,butt
item_359,B6LEG,word,body_parts,produces,leg,,腿,leg
item_360,B6FOOT,word,body_parts,produces,foot,,脚/脚丫丫,foot
item_361,B6KNEE,word,body_parts,produces,knee,,膝盖,knee
item_362,B6ANKLE,word,body_parts,produces,,,脚腕,
item_363,A7CAT,word,animals,produces,cat,,猫,cat
item_364,A7RABBIT,word,animals,produces,,,小白兔/兔子,
item_365,A7HORSE,word,animals,produces,horse,,马,horse
item_366,A7SHEEP,word,animals,produces,sheep,,羊,sheep
item_367,A7DOG,word,animals,produces,dog,,狗,dog
item_368,A7MONKEY,word,animals,produces,monkey,,猴子,monkey
item_369,A7TIGER,word,animals,produces,tiger,,老虎,tiger
item_370,A7COW,word,animals,produces,cow,,牛,cow
item_371,A7BEAR,word,animals,produces,bear,,熊,bear
item_372,A7PIG,word,animals,produces,pig,,猪,pig
item_373,A7ELEPH,word,animals,produces,elephant,,大象,elephant
item_374,A7PANDA,word,animals,produces,,,熊猫,
item_375,A7LION,word,animals,produces,lion,,狮子,lion
item_376,A7MOUSE,word,animals,produces,mouse,,老鼠,mouse
item_377,A7GORILL,word,animals,produces,,,猩猩,
item_378,A7DEER,word,animals,produces,deer,,鹿,deer
item_379,A7WOLF,word,animals,produces,wolf,,狼,wolf
item_380,A7ZEBRA,word,animals,produces,,,斑马,
item_381,A7GIRAFF,word,animals,produces,giraffe,,长颈鹿,giraffe
item_382,A7CAMEL,word,animals,produces,,,骆驼,
item_383,A7HEDGEH,word,animals,produces,hedgehog,,刺猬,hedgehog
item_384,A7ANIMAL,word,animals,produces,animal,,动物,animal
item_385,A7DUCK,word,animals,produces,duck,,鸭子,duck
item_386,A7BIRD,word,animals,produces,bird,,鸟,bird
item_387,A7CHICK,word,animals,produces,chick,,小鸡,chick
item_388,A7SWALLO,word,animals,produces,swallow,,燕子,swallow
item_389,A7PIGEON,word,animals,produces,,,鸽子,
item_390,A7GOOSE,word,animals,produces,goose,,鹅,goose
item_391,A7PENGUI,word,animals,produces,penguin,,企鹅,penguin
item_392,A7MAGPIE,word,animals,produces,,,喜鹊,
item_393,A7PEACOK,word,animals,produces,peacock,,孔雀,peacock
item_394,A7CROW,word,animals,produces,crow,,乌鸦,crow
item_395,A7EAGLE,word,animals,produces,,,老鹰,
item_396,A7OWL,word,animals,produces,owl,,猫头鹰,owl
item_397,A7FISH,word,animals,produces,fish (animal),,鱼,fish (animal)
item_398,A7BUG,word,animals,produces,bug,,虫子,bug
item_399,A7TURTLE,word,animals,produces,turtle,,乌龟,turtle
item_400,A7FROG,word,animals,produces,frog,,青蛙,frog
item_401,A7ANT,word,animals,produces,ant,,蚂蚁,ant
item_402,A7DRAGON,word,animals,produces,,,龙,
item_403,A7BUTFLY,word,animals,produces,butterfly,,蝴蝶,butterfly
item_404,A7DRAFLY,word,animals,produces,,,蜻蜓,
item_405,A7MOSQ,word,animals,produces,mosquito,,蚊子,mosquito
item_406,A7FLY,word,animals,produces,fly,,苍蝇,fly
item_407,A7SNAKE,word,animals,produces,snake,,蛇,snake
item_408,A7ALLIG,word,animals,produces,,,鳄鱼,
item_409,A7CRICK,word,animals,produces,,,蛐蛐,
item_410,A7DINO,word,animals,produces,,,恐龙,
item_411,A7ROACH,word,animals,produces,,,蟑螂,
item_412,X8GONE,word,descriptive_words,produces,,,没了,
item_413,X8BIG,word,descriptive_words,produces,big,,大,big
item_414,X8SMALL,word,descriptive_words,produces,little (description),,小,little (description)
item_415,X8GOOD,word,descriptive_words,produces,good,,好,good
item_416,X8BAD,word,descriptive_words,produces,bad,,坏,bad
item_417,X8FRAGR,word,descriptive_words,produces,,,香,
item_418,X8STINK,word,descriptive_words,produces,,,臭,
item_419,X8BURNI,word,descriptive_words,produces,hot,,烫,hot
item_420,X8HOT,word,descriptive_words,produces,hot,,热,hot
item_421,X8COOL,word,descriptive_words,produces,,,凉,
item_422,X8COLD,word,descriptive_words,produces,cold,,冷,cold
item_423,X8BAO3,word,descriptive_words,produces,full,,饱,full
item_424,X8HUNGR,word,descriptive_words,produces,hungry,,饿,hungry
item_425,X8THIRS,word,descriptive_words,produces,thirsty,,渴,thirsty
item_426,X8SWEET,word,descriptive_words,produces,sweet,,甜,sweet
item_427,X8HOTLA,word,descriptive_words,produces,,,辣,
item_428,X8SOUR,word,descriptive_words,produces,,,酸,
item_429,X8SALTY,word,descriptive_words,produces,salty,,咸,salty
item_430,X8DIRTY,word,descriptive_words,produces,dirty,,脏,dirty
item_431,X8CLEAN,word,descriptive_words,produces,clean (description),,干净,clean (description)
item_432,X8SCARE,word,descriptive_words,produces,scared,,害怕,scared
item_433,X8HURT,word,descriptive_words,produces,hurt,,疼,hurt
item_434,X8GUAI,word,descriptive_words,produces,,,乖,
item_435,X8HUAIL,word,descriptive_words,produces,broken,,坏了,broken
item_436,X8POLE,word,descriptive_words,produces,,,破了,
item_437,X8NAUGH,word,descriptive_words,produces,naughty,,淘气（调皮）,naughty
item_438,X8TAOYA,word,descriptive_words,produces,,,讨厌,
item_439,X8FAST,word,descriptive_words,produces,fast,,快,fast
item_440,X8SLOW,word,descriptive_words,produces,slow,,慢/慢点,slow
item_441,X8CUTE,word,descriptive_words,produces,cute,,可爱/好玩儿,cute
item_442,X8PITIA,word,descriptive_words,produces,,,可怜,
item_443,X8TIRED,word,descriptive_words,produces,tired,,累,tired
item_444,X8SLEEP,word,descriptive_words,produces,sleepy,,困了,sleepy
item_445,X8SICK,word,descriptive_words,produces,sick,,病,sick
item_446,X8TALL,word,descriptive_words,produces,high,,高,high
item_447,X8PRETT,word,descriptive_words,produces,pretty,,漂亮/美,pretty
item_448,X8LIKE,word,descriptive_words,produces,,,喜欢,
item_449,X8NEW,word,descriptive_words,produces,new,,新,new
item_450,X8OLD,word,descriptive_words,produces,old,,老,old
item_451,X8HAPPY,word,descriptive_words,produces,happy,,高兴/乐/开心,happy
item_452,X8ANGRY,word,descriptive_words,produces,angry,,生气,angry
item_453,X8WEIQU,word,descriptive_words,produces,,,委屈,
item_454,X8WET,word,descriptive_words,produces,wet,,可怜,wet
item_455,X8DRY,word,descriptive_words,produces,tired,,累,tired
item_456,X8LOUD,word,descriptive_words,produces,loud,,困了,loud
item_457,X8LONG,word,descriptive_words,produces,sick,,病,sick
item_458,X8HARD,word,descriptive_words,produces,high,,高,high
item_459,X8SOFT,word,descriptive_words,produces,soft,,漂亮/美,soft
item_460,X8FINIS,word,descriptive_words,produces,finished,,喜欢,finished
item_461,X8ENOUGH,word,descriptive_words,produces,new,,新,new
item_462,X8EMPTY,word,descriptive_words,produces,old,,老,old
item_463,X8FULLM,word,descriptive_words,produces,full,,高兴/乐/开心,full
item_464,X8HEAVY,word,descriptive_words,produces,heavy,,生气,heavy
item_465,X8CAREF,word,descriptive_words,produces,careful,,委屈,careful
item_466,X8BUCUO,word,descriptive_words,produces,,,不错,
item_467,X8STICK,word,descriptive_words,produces,,,粘糊,
item_468,X8STUCK,word,descriptive_words,produces,,,卡了,
item_469,X8WHITE,word,descriptive_words,produces,white,,白,white
item_470,X8BLACK,word,descriptive_words,produces,black,,黑,black
item_471,X8RED,word,descriptive_words,produces,red,,红（色）,red
item_472,X8GREEN,word,descriptive_words,produces,green,,绿,green
item_473,X8YELLO,word,descriptive_words,produces,yellow,,黄,yellow
item_474,X8BLUE,word,descriptive_words,produces,blue,,蓝（色）,blue
item_475,X8DARK,word,descriptive_words,produces,dark,,黑乎乎,dark
item_476,X8FIRST,word,descriptive_words,produces,,,第一,
item_477,X8LAST,word,descriptive_words,produces,,,最后,
item_478,H9BOWL,word,household,produces,bowl,,碗,bowl
item_479,H9CUP,word,household,produces,cup,,杯子,cup
item_480,H9BOTTLE,word,household,produces,bottle,,瓶子,bottle
item_481,H9SPOON,word,household,produces,spoon,,勺,spoon
item_482,H9CHOPST,word,household,produces,,,筷子,
item_483,H9PLATE,word,household,produces,plate,,盘,plate
item_484,H9POT,word,household,produces,,,锅,
item_485,H9KNIFE,word,household,produces,knife,,刀,knife
item_486,H9TEACUP,word,household,produces,,,茶杯,
item_487,H9LIGHT,word,household,produces,lamp,,灯,lamp
item_488,H9CLOCK,word,household,produces,clock,,钟/表,clock
item_489,H9PHONE,word,household,produces,phone,,电话,phone
item_490,H9ELEFAN,word,household,produces,,,电扇,
item_491,H9BATTRY,word,household,produces,battery,,电池,battery
item_492,H9WATCH,word,household,produces,watch (object),,手表,watch (object)
item_493,H9RADIO,word,household,produces,radio,,收音机,radio
item_494,H9CAMERA,word,household,produces,camera,,照相机,camera
item_495,H9PIANO,word,household,produces,,,（钢）琴,
item_496,H9RECORD,word,household,produces,,,录音机,
item_497,H9HIFI,word,household,produces,,,音响,
item_498,H9VCD,word,household,produces,,,VCD机,
item_499,H9QUILT,word,household,produces,,,被子,
item_500,H9PILLOW,word,household,produces,pillow,,枕头,pillow
item_501,H9MEDICI,word,household,produces,medicine,,药,medicine
item_502,H9COMB,word,household,produces,,,梳子/栊子,
item_503,H9BASIN,word,household,produces,,,盆,
item_504,H9SOAP,word,household,produces,soap,,肥皂/香皂,soap
item_505,H9TOOTHB,word,household,produces,toothbrush,,牙刷,toothbrush
item_506,H9TOWEL,word,household,produces,towel,,毛巾,towel
item_507,H9TPAPER,word,household,produces,,,手纸,
item_508,H9PICTUR,word,household,produces,picture,,画,picture
item_509,H9PAPER,word,household,produces,paper,,纸,paper
item_510,H9SCISSO,word,household,produces,scissors,,剪刀,scissors
item_511,H9STRING,word,household,produces,,,绳,
item_512,H9GLASSE,word,household,produces,glasses,,眼镜,glasses
item_513,H9NEWSP,word,household,produces,,,报纸,
item_514,H9KEYS,word,household,produces,keys,,钥匙,keys
item_515,H9MONEY,word,household,produces,money,,钱,money
item_516,H9BAG,word,household,produces,bag,,包,bag
item_517,H9PURSE,word,household,produces,bag,,书包,bag
item_518,H9WALLET,word,household,produces,purse,,钱包,purse
item_519,H9SACK,word,household,produces,,,口袋,
item_520,H9FAN,word,household,produces,,,扇子,
item_521,H9CLOTH,word,household,produces,cloth,,（抹）布,cloth
item_522,H9BOX,word,household,produces,box,,盒子,box
item_523,H9BASKET,word,household,produces,,,篮子,
item_524,H9BUCKET,word,household,produces,bucket,,桶,bucket
item_525,H9BRUSH,word,household,produces,brush,,刷子,brush
item_526,H9MOP,word,household,produces,,,笤帚,
item_527,H9RAG,word,household,produces,rag,,托把/墩布,rag
item_528,H9GARBAG,word,household,produces,trash,,垃圾,trash
item_529,H9DUSTBN,word,household,produces,,,簸箕,
item_530,H9HAMMER,word,household,produces,hammer,,锤子,hammer
item_531,H9NAIL,word,household,produces,nail,,钉子,nail
item_532,H9WOOD,word,household,produces,,,木头,
item_533,H9THING,word,household,produces,,,东西,
item_534,T10BALL,word,toys,produces,ball,,汽球,ball
item_535,T10BOOK,word,toys,produces,book,,枪,book
item_536,T10DOLL,word,toys,produces,block,,积木,block
item_537,T10PEN,word,toys,produces,toy (object),,玩具,toy (object)
item_538,T10BALLO,word,toys,produces,balloon,,汽球,balloon
item_539,T10GUN,word,toys,produces,,,枪,
item_540,T10BLOCK,word,toys,produces,block,,积木,block
item_541,T10TOYS,word,toys,produces,toy (object),,玩具,toy (object)
item_542,T10STORY,word,toys,produces,,,故事,
item_543,T10KITE,word,toys,produces,,,风筝,
item_544,T10SONG,word,toys,produces,,,歌,
item_545,T10BELL,word,toys,produces,bell,,铃铛,bell
item_546,T10PENCI,word,toys,produces,,,铅笔,
item_547,T10CRAYO,word,toys,produces,crayon,,蜡笔,crayon
item_548,T10WHEEL,word,toys,produces,,,车轮/轱辘,
item_549,T10GAME,word,toys,produces,,,游戏,
item_550,T10CHESS,word,toys,produces,,,棋子,
item_551,T10GIFT,word,toys,produces,present,,礼物,present
item_552,C11HAT,word,clothing,produces,hat,,帽子,hat
item_553,C11GLOVE,word,clothing,produces,gloves,,手套,gloves
item_554,C11SCARF,word,clothing,produces,scarf,,围巾,scarf
item_555,C11KERCH,word,clothing,produces,,,手绢,
item_556,C11BIB,word,clothing,produces,bib,,围嘴,bib
item_557,C11NECKL,word,clothing,produces,necklace,,项链,necklace
item_558,C11CLOTH,word,clothing,produces,,,衣服/衣裳,
item_559,C11COAT,word,clothing,produces,coat,,大衣/外套,coat
item_560,C11MIANA,word,clothing,produces,,,棉袄,
item_561,C11JACKE,word,clothing,produces,jacket,,夹克,jacket
item_562,C11SWEAT,word,clothing,produces,sweater,,毛衣,sweater
item_563,C11VEST,word,clothing,produces,vest,,背心,vest
item_564,C11SHIRT,word,clothing,produces,shirt,,上衣,shirt
item_565,C11POCKE,word,clothing,produces,,,（裤）兜,
item_566,C11BUTTO,word,clothing,produces,button,,扣子,button
item_567,C11ZIPPE,word,clothing,produces,zipper,,拉锁,zipper
item_568,C11SLEEV,word,clothing,produces,,,袖子,
item_569,C11PANTS,word,clothing,produces,pants,,裤子,pants
item_570,C11MAOKU,word,clothing,produces,,,毛裤,
item_571,C11PANT,word,clothing,produces,,,裤衩,
item_572,C11SKIRT,word,clothing,produces,skirt,,裙子,skirt
item_573,C11BELT,word,clothing,produces,,,皮带,
item_574,C11SOCKS,word,clothing,produces,sock,,袜子,sock
item_575,C11SHOES,word,clothing,produces,shoe,,鞋,shoe
item_576,C11SLIPP,word,clothing,produces,slipper,,拖鞋,slipper
item_577,C11LEATH,word,clothing,produces,,,皮鞋,
item_578,C11SANDA,word,clothing,produces,sandals,,凉鞋,sandals
item_579,C11SNEAK,word,clothing,produces,,,球鞋/旅游鞋,
item_580,F12STAIR,word,furniture_rooms,produces,stairs,,楼梯,stairs
item_581,F12DOOR,word,furniture_rooms,produces,door,,门,door
item_582,F12WINDO,word,furniture_rooms,produces,window,,窗户,window
item_583,F12BED,word,furniture_rooms,produces,bed,,床,bed
item_584,F12TABLE,word,furniture_rooms,produces,table,,桌子/饭桌,table
item_585,F12POTTY,word,furniture_rooms,produces,potty,,尿盆,potty
item_586,F12MIRRO,word,furniture_rooms,produces,mirror,,镜子,mirror
item_587,F12STOOL,word,furniture_rooms,produces,,,凳子,
item_588,F12CHAIR,word,furniture_rooms,produces,chair,,椅子,chair
item_589,F12COUCH,word,furniture_rooms,produces,couch,,沙发,couch
item_590,F12COFFT,word,furniture_rooms,produces,stairs,,茶几,stairs
item_591,F12TV,word,furniture_rooms,produces,tv,,电视,tv
item_592,F12FRIDG,word,furniture_rooms,produces,,,冰箱,
item_593,F12STOVE,word,furniture_rooms,produces,stove,,炉子/灶,stove
item_594,F12WASHE,word,furniture_rooms,produces,washing machine,,洗衣机,washing machine
item_595,F12ROOM,word,furniture_rooms,produces,,,屋子,
item_596,F12CLOSE,word,furniture_rooms,produces,closet,,柜子,closet
item_597,F12DRAWE,word,furniture_rooms,produces,drawer,,抽屉,drawer
item_598,F12BATHT,word,furniture_rooms,produces,bathtub,,澡盆,bathtub
item_599,F12TOILE,word,furniture_rooms,produces,bathroom,,厕所,bathroom
item_600,F12PUDDL,word,furniture_rooms,produces,puddle,,水池子,puddle
item_601,F12TAP,word,furniture_rooms,produces,,,水龙头/水管,
item_602,F12KITCH,word,furniture_rooms,produces,kitchen,,厨房,kitchen
item_603,F12HOTBO,word,furniture_rooms,produces,,,暖水瓶/暖壶,
item_604,F12GAS,word,furniture_rooms,produces,,,煤气,
item_605,F12AIRC,word,furniture_rooms,produces,,,空调,
item_606,F12MICRO,word,furniture_rooms,produces,,,微波炉,
item_607,F12BALCO,word,furniture_rooms,produces,,,阳台,
item_608,F12LIFT,word,furniture_rooms,produces,elevator,,电梯,elevator
item_609,O13FLOWE,word,outside,produces,flower,,花,flower
item_610,O13TREE,word,outside,produces,tree,,树,tree
item_611,O13LEAF,word,outside,produces,leaf,,叶子/树叶,leaf
item_612,O13BRANC,word,outside,produces,,,树枝,
item_613,O13GRASS,word,outside,produces,grass,,草,grass
item_614,O13EARTH,word,outside,produces,earth,,土,earth
item_615,O13WATER,word,outside,produces,water (not beverage),,水,water (not beverage)
item_616,O13RAIN,word,outside,produces,rain,,雨,rain
item_617,O13SNOW,word,outside,produces,snow,,雪,snow
item_618,O13WIND,word,outside,produces,wind,,风,wind
item_619,O13STONE,word,outside,produces,stone,,石头,stone
item_620,O13MOUNT,word,outside,produces,,,山,
item_621,O13STICK,word,outside,produces,stick,,棍子,stick
item_622,O13SAND,word,outside,produces,sand,,沙子,sand
item_623,O13SHOVE,word,outside,produces,shovel,,铲子,shovel
item_624,O13LADDE,word,outside,produces,ladder,,梯子,ladder
item_625,O13SLIDE,word,outside,produces,,,滑梯,
item_626,O13SPINC,word,outside,produces,,,转椅,
item_627,O13SWING,word,outside,produces,swing (object),,秋千,swing (object)
item_628,O13BOUNC,word,outside,produces,,,蹦蹦床,
item_629,O13SUN,word,outside,produces,sun,,太阳,sun
item_630,O13MOON,word,outside,produces,moon,,月亮,moon
item_631,O13STAR,word,outside,produces,star,,星星,star
item_632,O13SKY,word,outside,produces,sky,,天（空）,sky
item_633,O13CLOUD,word,outside,produces,cloud,,云彩,cloud
item_634,O13ROOF,word,outside,produces,roof,,房顶,roof
item_635,O13STREE,word,outside,produces,street,,街（道）/大街,street
item_636,O13ROAD,word,outside,produces,road,,路,road
item_637,O13TLIGH,word,outside,produces,,,红绿灯,
item_638,O13UMBRE,word,outside,produces,umbrella,,（雨）伞,umbrella
item_639,O13SNOWM,word,outside,produces,,,雪人,
item_640,O13POOL,word,outside,produces,pool,,游泳池,pool
item_641,V14CAR,word,vehicles,produces,car,,车,car
item_642,V14PLANE,word,vehicles,produces,airplane,,飞机,airplane
item_643,V14TRAIN,word,vehicles,produces,train,,火车,train
item_644,V14BOAT,word,vehicles,produces,boat,,船,boat
item_645,V14MOTO,word,vehicles,produces,motorcycle,,摩托车,motorcycle
item_646,V14SEDAN,word,vehicles,produces,,,小轿车,
item_647,V14BIKE,word,vehicles,produces,bicycle,,自行车,bicycle
item_648,V14BUS,word,vehicles,produces,bus,,公共汽车,bus
item_649,V14TRUCK,word,vehicles,produces,truck,,卡车,truck
item_650,V14TAXI,word,vehicles,produces,,,出租车/的,
item_651,V14CRANE,word,vehicles,produces,,,老吊车,
item_652,V14TRIKE,word,vehicles,produces,,,三轮车,
item_653,V14JEEP,word,vehicles,produces,jeep,,吉普车,jeep
item_654,V14AMBUL,word,vehicles,produces,ambulance,,救护车,ambulance
item_655,O15HOME,word,places,produces,home,,家,home
item_656,O15OUTSI,word,places,produces,outside,,外头/外面/外外,outside
item_657,O15DANWE,word,places,produces,work (place),,班儿/单位,work (place)
item_658,O15HOUSE,word,places,produces,house,,房子,house
item_659,O15BLDG,word,places,produces,,,楼房,
item_660,O15PARK,word,places,produces,park,,公园,park
item_661,O15ZOO,word,places,produces,zoo,,动物园,zoo
item_662,O15GARDE,word,places,produces,garden,,花园,garden
item_663,O15MCDS,word,places,produces,,,麦当劳/肯德基,
item_664,O15HOSPT,word,places,produces,,,医院,
item_665,O15STORE,word,places,produces,store,,商店,store
item_666,O15NURSR,word,places,produces,,,幼儿园/托儿所,
item_667,O15SCHOO,word,places,produces,school,,学校,school
item_668,O15TIANA,word,places,produces,,,天安门,
item_669,O15CHINA,word,places,produces,,,中国,
item_670,O15AMPRK,word,places,produces,,,游乐园,
item_671,O15SUPER,word,places,produces,store,,超市,store
item_672,D16HERE,word,directions,produces,here,,这边/这儿,here
item_673,D16THERE,word,directions,produces,there,,那边/那儿,there
item_674,D16ON,word,directions,produces,on,,上（面）,on
item_675,D16BELOW,word,directions,produces,,,下（面）,
item_676,D16OUTSI,word,directions,produces,outside,,外面,outside
item_677,D16INSID,word,directions,produces,inside,,里面,inside
item_678,D16AT,word,directions,produces,at,,在,at
item_679,D16UNDER,word,directions,produces,under,,底下,under
item_680,D16FRONT,word,directions,produces,front,,前面,front
item_681,D16BEHIN,word,directions,produces,,,后面,
item_682,D16MIDDL,word,directions,produces,,,中间,
item_683,D16BESID,word,directions,produces,,,旁边,
item_684,D16NEXTT,word,directions,produces,,,挨着,
item_685,D16TOSID,word,directions,produces,,,一边,
item_686,D16BIANS,word,directions,produces,,,边上,
item_687,D16WITH,word,directions,produces,with,,跟,with
item_688,D16ARRIV,word,directions,produces,,,到,
item_689,D16WANG3,word,directions,produces,,,往,
item_690,D16FACIN,word,directions,produces,,,朝,
item_691,D16TOWAR,word,directions,produces,,,向,
item_692,D16GOWHE,word,directions,produces,,,上（哪儿去）,
item_693,N17ONE,word,quantifiers,produces,,,一,
item_694,N17TWO,word,quantifiers,produces,,,二,
item_695,N17THREE,word,quantifiers,produces,,,三,
item_696,N17SAME,word,quantifiers,produces,same,,一样,same
item_697,N17MANY,word,quantifiers,produces,many,,多,many
item_698,N17YOUDE,word,quantifiers,produces,,,有的,
item_699,N17QUANB,word,quantifiers,produces,,,全部,
item_700,N17SUOYO,word,quantifiers,produces,,,所有,
item_701,N17ANOTH,word,quantifiers,produces,another,,另外,another
item_702,P18ME,word,pronouns,produces,I,,我,I
item_703,P18MINE,word,pronouns,produces,my,,我的,my
item_704,P18SELF,word,pronouns,produces,self,,自己,self
item_705,P18SMINE,word,pronouns,produces,,,自己的,
item_706,P18YOU,word,pronouns,produces,you,,你,you
item_707,P18YOURS,word,pronouns,produces,your,,你的,your
item_708,P18HE,word,pronouns,produces,,,他（她、它）,
item_709,P18HIS,word,pronouns,produces,his,,他的,his
item_710,P18THIS,word,pronouns,produces,this,,这个,this
item_711,P18THAT,word,pronouns,produces,that,,那个,that
item_712,P18THOSE,word,pronouns,produces,those,,那些,those
item_713,P18THESE,word,pronouns,produces,these,,这些,these
item_714,P18BIEDE,word,pronouns,produces,,,别的,
item_715,P18US,word,pronouns,produces,we,,我们,we
item_716,P18ZANME,word,pronouns,produces,,,咱们,
item_717,P18YOUPL,word,pronouns,produces,you,,你们,you
item_718,P18THEY,word,pronouns,produces,them,,他们,them
item_719,P18USPOS,word,pronouns,produces,our,,我们的,our
item_720,P18ZANMS,word,pronouns,produces,our,,咱们的,our
item_721,P18YOUPP,word,pronouns,produces,your,,你们的,your
item_722,P18THEIR,word,pronouns,produces,,,他们的,
item_723,P18RENJI,word,pronouns,produces,,,人家,
item_724,P18QITA,word,pronouns,produces,other,,其它,other
item_725,P18SOMEO,word,pronouns,produces,,,别人,
item_726,C19GE,word,classifiers,produces,,,个,
item_727,C19KOU,word,classifiers,produces,,,口,
item_728,C19ZHI,word,classifiers,produces,,,只,
item_729,C19LIANG,word,classifiers,produces,,,辆,
item_730,C19ZHANG,word,classifiers,produces,,,张,
item_731,C19BEN,word,classifiers,produces,,,本,
item_732,C19TIAO,word,classifiers,produces,,,条,
item_733,C19DIAN,word,classifiers,produces,,,点,
item_734,C19KUAI,word,classifiers,produces,,,块,
item_735,C19JIAN,word,classifiers,produces,,,件,
item_736,C19CI,word,classifiers,produces,,,次,
item_737,C19BU,word,classifiers,produces,,,步,
item_738,C19CENG,word,classifiers,produces,,,层,
item_739,C19DUI,word,classifiers,produces,,,堆,
item_740,C19LI,word,classifiers,produces,,,粒,
item_741,C19TOU,word,classifiers,produces,,,头,
item_742,C19PI,word,classifiers,produces,,,匹,
item_743,C19WEI,word,classifiers,produces,,,位,
item_744,C19YAN,word,classifiers,produces,,,眼,
item_745,C19XIE,word,classifiers,produces,,,些,
item_746,Q20DOWHA,word,question_words,produces,,,干嘛？,
item_747,Q20WHAT,word,question_words,produces,what,,什么,what
item_748,Q20WHO,word,question_words,produces,who,,谁,who
item_749,Q20WHERE,word,question_words,produces,where,,在哪里/哪儿呢？,where
item_750,Q20JTIME,word,question_words,produces,when (question),,几点,when (question)
item_751,Q20WHICH,word,question_words,produces,which (question),,哪个,which (question)
item_752,Q20WHY,word,question_words,produces,why,,为什么,why
item_753,Q20HOW,word,question_words,produces,how,,怎么,how
item_754,Q20JIGE,word,question_words,produces,,,几个,
item_755,Q20DUOSH,word,question_words,produces,,,多少,
item_756,Q20MA,word,question_words,produces,,,（行、好）吗？,
item_757,Q20NE,word,question_words,produces,,,（还有）呢？,
item_758,S21A,word,final_particles,produces,a,,啊/呀,a
item_759,S21LE,word,final_particles,produces,,,了,
item_760,S21LA,word,final_particles,produces,,,啦,
item_761,S21MAA,word,final_particles,produces,,,嘛,
item_762,S21NE,word,final_particles,produces,,,呢,
item_763,S21AO,word,final_particles,produces,,,噢,
item_764,T22MORNI,word,time_words,produces,morning,,早上,morning
item_765,T22NIGHT,word,time_words,produces,night,,晚上,night
item_766,T22TODAY,word,time_words,produces,today,,今天,today
item_767,T22TOMOR,word,time_words,produces,tomorrow,,明天,tomorrow
item_768,T22YESTE,word,time_words,produces,yesterday,,昨天,yesterday
item_769,T22HOUTN,word,time_words,produces,,,后天,
item_770,T22DAY,word,time_words,produces,day,,天,day
item_771,T22FIRST,word,time_words,produces,,,先,
item_772,T22ALREA,word,time_words,produces,already,,已经,already
item_773,T22BEFOR,word,time_words,produces,,,以前,
item_774,T22AFTER,word,time_words,produces,after,,以后,after
item_775,T22LATER,word,time_words,produces,later,,晚（一点）,later
item_776,T22NOW,word,time_words,produces,now,,现在,now
item_777,T22EARLY,word,time_words,produces,early,,早（一点）,early
item_778,T22TIME,word,time_words,produces,time,,时间,time
item_779,Z23AI,word,helping_verbs,produces,,,爱（听）,
item_780,Z23NENG,word,helping_verbs,produces,can (auxiliary),,能,can (auxiliary)
item_781,Z23HUI,word,helping_verbs,produces,can (auxiliary),,会,can (auxiliary)
item_782,Z23OK,word,helping_verbs,produces,ok,,可以（做）,ok
item_783,Z23WILLI,word,helping_verbs,produces,,,肯,
item_784,Z23XIANG,word,helping_verbs,produces,,,想,
item_785,Z23BUXU,word,helping_verbs,produces,,,不许,
item_786,Z23YUANY,word,helping_verbs,produces,,,愿意,
item_787,Z23SHOUL,word,helping_verbs,produces,should,,该（走啦！）/应该,should
item_788,Z23MUST,word,helping_verbs,produces,,,得（你得去）,
item_789,Z23BAO,word,helping_verbs,produces,,,把（XX放…）,
item_790,Z23SHEBD,word,helping_verbs,produces,,,舍不得,
item_791,J24HE,word,connecting_words,produces,with,,和,with
item_792,J24GEN,word,connecting_words,produces,,,跟,
item_793,J24CAUSE,word,connecting_words,produces,,,因为,
item_794,J24JIU,word,connecting_words,produces,,,就,
item_795,J24BUT,word,connecting_words,produces,,,可是,
item_796,J24IF,word,connecting_words,produces,,,如果,
item_797,J24YAOSH,word,connecting_words,produces,,,要是,
item_798,J24SUOYI,word,connecting_words,produces,,,所以,
item_799,J24THEN,word,connecting_words,produces,,,那么,
item_800,TALKFIND,talk_functions,,never; sometimes; often,,,,
item_801,TALKPOBJ,talk_functions,,never; sometimes; often,,,,
item_802,TALKABSO,talk_functions,,never; sometimes; often,,,,
item_803,TALKPAST,talk_functions,,never; sometimes; often,,,,
item_804,TALKFUT,talk_functions,,never; sometimes; often,,,,
item_805,SENTVERB,sentence_structure,,never; sometimes; often,,,,
item_806,SENTPOSS,sentence_structure,,never; sometimes; often,,,,
item_807,SENTCLAS,sentence_structure,,never; sometimes; often,,,,
item_808,SENTASP,sentence_structure,,never; sometimes; often,,,,
item_809,COMBWORD,combine,,never; sometimes; often,,,,
item_810,COMPMISS,complexity,,3; 2; 1; 0,,,,
item_811,COMPDESO,complexity,,3; 2; 1; 0,,,,
item_812,COMPDEA2,complexity,,4; 3; 2; 1; 0,,,,
item_813,COMPPOSS,complexity,,3; 2; 1; 0,,,,
item_814,COMPDESA,complexity,,4; 3; 2; 1; 0,,,,
item_815,COMPPOS3,complexity,,2; 1; 0,,,,
item_816,COMPFUT,complexity,,2; 1; 0,,,,
item_817,COMPCANT,complexity,,4; 3; 2; 1; 0,,,,
item_818,COMPHELP,complexity,,5; 4; 3; 2; 1; 0,,,,
item_819,COMPPOS2,complexity,,3; 2; 1; 0,,,,
item_820,COMPDES2,complexity,,3; 2; 1; 0,,,,
item_821,COMPREP,complexity,,2; 1; 0,,,,
item_822,COMPPASO,complexity,,4; 3; 2; 1; 0,,,,
item_823,COMPNOW2,complexity,,2; 1; 0,,,,
item_824,COMPNDES,complexity,,3; 2; 1; 0,,,,
item_825,COMPPASL,complexity,,3; 2; 1; 0,,,,
item_826,COMPREP2,complexity,,2; 1; 0,,,,
item_827,COMPNDEO,complexity,,3; 2; 1; 0,,,,
item_828,COMPNDE2,complexity,,2; 1; 0,,,,
item_829,COMPREP3,complexity,,3; 2; 1; 0,,,,
item_830,COMPNOW,complexity,,3; 2; 1; 0,,,,
item_831,COMPQUE2,complexity,,4; 3; 2; 1; 0,,,,
item_832,COMPCLAS,complexity,,2; 1; 0,,,,
item_833,COMPCLA2,complexity,,2; 1; 0,,,,
item_834,COMPPASG,complexity,,2; 1; 0,,,,
item_835,COMPCAN2,complexity,,5; 4; 3; 2; 1; 0,,,,
item_836,COMPQUES,complexity,,3; 2; 1; 0,,,,
